0,1,2,3,4,5,6,7,8,9,10,11,12,13,14,15,16,17,18,19,20,21,22,23,24,25,26,27,28,29,30,31,32,33,34,35,36,37,38,39,40,41,42,43,44,45,46,47,48,49,50,51,52,53,54,55,56,57,58,59,60,61,62,63,64,65,66,67,68,69,70,71,72,73,74,75,76,77,78,79,80,81,82,83,84,85,86,87,88,89,90,91,92,93,94,95,96,97,98,99,100,101,102,103,104,105,106,107,108,109,110,111,112,113,114,115,116,117,118,119
0.0,1.16,1.21,1.22,1.25,1.41,1.41,1.41,1.41,1.41,1.41,1.41,1.41,1.41,1.41,1.41,1.41,1.41,1.41,1.41,1.41,1.41,1.41,1.41,1.41,1.41,1.41,1.41,1.41,1.41,1.41,1.41,1.41,1.41,1.41,1.41,1.41,1.41,1.41,1.41,1.41,1.41,1.41,1.41,1.41,1.41,1.41,1.41,1.41,1.41,1.41,1.41,1.41,1.41,1.41,1.41,1.41,1.41,1.41,1.41,1.41,1.41,1.41,1.41,1.41,1.41,1.41,1.41,1.41,1.41,1.41,1.41,1.41,1.41,1.41,1.41,1.41,1.41,1.41,1.41,1.41,1.41,1.41,1.41,1.41,1.41,1.41,1.41,1.41,1.41,1.41,1.41,1.41,1.41,1.41,1.41,1.41,1.41,1.41,1.41,1.41,1.41,1.41,1.41,1.41,1.41,1.41,1.41,1.41,1.41,1.41,1.41,1.41,1.41,1.41,1.41,1.41,1.41,1.41,1.41
0.0,1.16,1.21,1.29,1.33,1.34,1.36,1.36,1.37,1.37,1.38,1.38,1.38,1.38,1.39,1.39,1.39,1.39,1.39,1.39,1.39,1.39,1.39,1.39,1.39,1.39,1.39,1.4,1.4,1.41,1.41,1.41,1.41,1.41,1.41,1.41,1.41,1.41,1.41,1.41,1.41,1.41,1.41,1.41,1.41,1.41,1.41,1.41,1.41,1.41,1.41,1.41,1.41,1.41,1.41,1.41,1.41,1.41,1.41,1.41,1.41,1.41,1.41,1.41,1.41,1.41,1.41,1.41,1.41,1.41,1.41,1.41,1.41,1.41,1.41,1.41,1.41,1.41,1.41,1.41,1.41,1.41,1.41,1.41,1.41,1.41,1.41,1.41,1.41,1.41,1.41,1.41,1.41,1.41,1.41,1.41,1.41,1.41,1.41,1.41,1.41,1.41,1.41,1.41,1.41,1.41,1.41,1.41,1.41,1.41,1.41,1.41,1.41,1.41,1.41,1.41,1.41,1.41,1.41,1.41
0.0,1.24,1.3,1.32,1.32,1.41,1.41,1.41,1.41,1.41,1.41,1.41,1.41,1.41,1.41,1.41,1.41,1.41,1.41,1.41,1.41,1.41,1.41,1.41,1.41,1.41,1.41,1.41,1.41,1.41,1.41,1.41,1.41,1.41,1.41,1.41,1.41,1.41,1.41,1.41,1.41,1.41,1.41,1.41,1.41,1.41,1.41,1.41,1.41,1.41,1.41,1.41,1.41,1.41,1.41,1.41,1.41,1.41,1.41,1.41,1.41,1.41,1.41,1.41,1.41,1.41,1.41,1.41,1.41,1.41,1.41,1.41,1.41,1.41,1.41,1.41,1.41,1.41,1.41,1.41,1.41,1.41,1.41,1.41,1.41,1.41,1.41,1.41,1.41,1.41,1.41,1.41,1.41,1.41,1.41,1.41,1.41,1.41,1.41,1.41,1.41,1.41,1.41,1.41,1.41,1.41,1.41,1.41,1.41,1.41,1.41,1.41,1.41,1.41,1.41,1.41,1.41,1.41,1.41,1.41
0.0,1.2,1.22,1.24,1.25,1.28,1.28,1.3,1.31,1.31,1.31,1.32,1.32,1.33,1.33,1.33,1.34,1.34,1.35,1.35,1.36,1.36,1.36,1.36,1.37,1.37,1.37,1.37,1.37,1.38,1.38,1.38,1.38,1.39,1.39,1.39,1.39,1.39,1.39,1.39,1.39,1.4,1.4,1.41,1.41,1.41,1.41,1.41,1.41,1.41,1.41,1.41,1.41,1.41,1.41,1.41,1.41,1.41,1.41,1.41,1.41,1.41,1.41,1.41,1.41,1.41,1.41,1.41,1.41,1.41,1.41,1.41,1.41,1.41,1.41,1.41,1.41,1.41,1.41,1.41,1.41,1.41,1.41,1.41,1.41,1.41,1.41,1.41,1.41,1.41,1.41,1.41,1.41,1.41,1.41,1.41,1.41,1.41,1.41,1.41,1.41,1.41,1.41,1.41,1.41,1.41,1.41,1.41,1.41,1.41,1.41,1.41,1.41,1.41,1.41,1.41,1.41,1.41,1.41,1.41
0.0,0.85,1.04,1.17,1.25,1.25,1.29,1.29,1.31,1.33,1.34,1.35,1.35,1.35,1.36,1.36,1.36,1.37,1.37,1.37,1.37,1.38,1.38,1.38,1.38,1.39,1.39,1.39,1.39,1.39,1.39,1.39,1.39,1.39,1.4,1.4,1.4,1.4,1.4,1.4,1.4,1.41,1.41,1.41,1.41,1.41,1.41,1.41,1.41,1.41,1.41,1.41,1.41,1.41,1.41,1.41,1.41,1.41,1.41,1.41,1.41,1.41,1.41,1.41,1.41,1.41,1.41,1.41,1.41,1.41,1.41,1.41,1.41,1.41,1.41,1.41,1.41,1.41,1.41,1.41,1.41,1.41,1.41,1.41,1.41,1.41,1.41,1.41,1.41,1.41,1.41,1.41,1.41,1.41,1.41,1.41,1.41,1.41,1.41,1.41,1.41,1.41,1.41,1.41,1.41,1.41,1.41,1.41,1.41,1.41,1.41,1.41,1.41,1.41,1.41,1.41,1.41,1.41,1.41,1.41
0.0,1.24,1.28,1.34,1.37,1.37,1.38,1.38,1.38,1.38,1.39,1.41,1.41,1.41,1.41,1.41,1.41,1.41,1.41,1.41,1.41,1.41,1.41,1.41,1.41,1.41,1.41,1.41,1.41,1.41,1.41,1.41,1.41,1.41,1.41,1.41,1.41,1.41,1.41,1.41,1.41,1.41,1.41,1.41,1.41,1.41,1.41,1.41,1.41,1.41,1.41,1.41,1.41,1.41,1.41,1.41,1.41,1.41,1.41,1.41,1.41,1.41,1.41,1.41,1.41,1.41,1.41,1.41,1.41,1.41,1.41,1.41,1.41,1.41,1.41,1.41,1.41,1.41,1.41,1.41,1.41,1.41,1.41,1.41,1.41,1.41,1.41,1.41,1.41,1.41,1.41,1.41,1.41,1.41,1.41,1.41,1.41,1.41,1.41,1.41,1.41,1.41,1.41,1.41,1.41,1.41,1.41,1.41,1.41,1.41,1.41,1.41,1.41,1.41,1.41,1.41,1.41,1.41,1.41,1.41
0.0,1.22,1.29,1.29,1.3,1.3,1.33,1.33,1.33,1.33,1.33,1.34,1.34,1.35,1.35,1.35,1.35,1.35,1.35,1.36,1.36,1.37,1.37,1.37,1.38,1.38,1.38,1.38,1.38,1.38,1.39,1.39,1.39,1.39,1.4,1.4,1.4,1.4,1.4,1.4,1.4,1.41,1.41,1.41,1.41,1.41,1.41,1.41,1.41,1.41,1.41,1.41,1.41,1.41,1.41,1.41,1.41,1.41,1.41,1.41,1.41,1.41,1.41,1.41,1.41,1.41,1.41,1.41,1.41,1.41,1.41,1.41,1.41,1.41,1.41,1.41,1.41,1.41,1.41,1.41,1.41,1.41,1.41,1.41,1.41,1.41,1.41,1.41,1.41,1.41,1.41,1.41,1.41,1.41,1.41,1.41,1.41,1.41,1.41,1.41,1.41,1.41,1.41,1.41,1.41,1.41,1.41,1.41,1.41,1.41,1.41,1.41,1.41,1.41,1.41,1.41,1.41,1.41,1.41,1.41
0.0,1.23,1.33,1.34,1.34,1.35,1.36,1.36,1.37,1.38,1.41,1.41,1.41,1.41,1.41,1.41,1.41,1.41,1.41,1.41,1.41,1.41,1.41,1.41,1.41,1.41,1.41,1.41,1.41,1.41,1.41,1.41,1.41,1.41,1.41,1.41,1.41,1.41,1.41,1.41,1.41,1.41,1.41,1.41,1.41,1.41,1.41,1.41,1.41,1.41,1.41,1.41,1.41,1.41,1.41,1.41,1.41,1.41,1.41,1.41,1.41,1.41,1.41,1.41,1.41,1.41,1.41,1.41,1.41,1.41,1.41,1.41,1.41,1.41,1.41,1.41,1.41,1.41,1.41,1.41,1.41,1.41,1.41,1.41,1.41,1.41,1.41,1.41,1.41,1.41,1.41,1.41,1.41,1.41,1.41,1.41,1.41,1.41,1.41,1.41,1.41,1.41,1.41,1.41,1.41,1.41,1.41,1.41,1.41,1.41,1.41,1.41,1.41,1.41,1.41,1.41,1.41,1.41,1.41,1.41
0.0,1.31,1.31,1.32,1.32,1.33,1.34,1.35,1.35,1.35,1.35,1.35,1.35,1.36,1.36,1.36,1.37,1.37,1.38,1.38,1.38,1.39,1.39,1.39,1.39,1.39,1.39,1.39,1.4,1.4,1.4,1.4,1.4,1.4,1.4,1.4,1.4,1.4,1.4,1.41,1.41,1.41,1.41,1.41,1.41,1.41,1.41,1.41,1.41,1.41,1.41,1.41,1.41,1.41,1.41,1.41,1.41,1.41,1.41,1.41,1.41,1.41,1.41,1.41,1.41,1.41,1.41,1.41,1.41,1.41,1.41,1.41,1.41,1.41,1.41,1.41,1.41,1.41,1.41,1.41,1.41,1.41,1.41,1.41,1.41,1.41,1.41,1.41,1.41,1.41,1.41,1.41,1.41,1.41,1.41,1.41,1.41,1.41,1.41,1.41,1.41,1.41,1.41,1.41,1.41,1.41,1.41,1.41,1.41,1.41,1.41,1.41,1.41,1.41,1.41,1.41,1.41,1.41,1.41,1.41
0.0,1.12,1.31,1.32,1.32,1.35,1.35,1.37,1.37,1.37,1.37,1.37,1.37,1.37,1.37,1.37,1.38,1.38,1.38,1.38,1.38,1.38,1.38,1.38,1.38,1.38,1.38,1.39,1.41,1.41,1.41,1.41,1.41,1.41,1.41,1.41,1.41,1.41,1.41,1.41,1.41,1.41,1.41,1.41,1.41,1.41,1.41,1.41,1.41,1.41,1.41,1.41,1.41,1.41,1.41,1.41,1.41,1.41,1.41,1.41,1.41,1.41,1.41,1.41,1.41,1.41,1.41,1.41,1.41,1.41,1.41,1.41,1.41,1.41,1.41,1.41,1.41,1.41,1.41,1.41,1.41,1.41,1.41,1.41,1.41,1.41,1.41,1.41,1.41,1.41,1.41,1.41,1.41,1.41,1.41,1.41,1.41,1.41,1.41,1.41,1.41,1.41,1.41,1.41,1.41,1.41,1.41,1.41,1.41,1.41,1.41,1.41,1.41,1.41,1.41,1.41,1.41,1.41,1.41,1.41
0.0,1.3,1.31,1.32,1.33,1.33,1.34,1.34,1.34,1.35,1.35,1.36,1.36,1.37,1.37,1.37,1.37,1.37,1.37,1.38,1.38,1.38,1.38,1.38,1.38,1.39,1.39,1.39,1.39,1.39,1.39,1.41,1.41,1.41,1.41,1.41,1.41,1.41,1.41,1.41,1.41,1.41,1.41,1.41,1.41,1.41,1.41,1.41,1.41,1.41,1.41,1.41,1.41,1.41,1.41,1.41,1.41,1.41,1.41,1.41,1.41,1.41,1.41,1.41,1.41,1.41,1.41,1.41,1.41,1.41,1.41,1.41,1.41,1.41,1.41,1.41,1.41,1.41,1.41,1.41,1.41,1.41,1.41,1.41,1.41,1.41,1.41,1.41,1.41,1.41,1.41,1.41,1.41,1.41,1.41,1.41,1.41,1.41,1.41,1.41,1.41,1.41,1.41,1.41,1.41,1.41,1.41,1.41,1.41,1.41,1.41,1.41,1.41,1.41,1.41,1.41,1.41,1.41,1.41,1.41
0.0,0.75,1.04,1.11,1.23,1.25,1.25,1.28,1.29,1.29,1.31,1.31,1.31,1.33,1.33,1.34,1.35,1.35,1.35,1.36,1.36,1.37,1.37,1.38,1.38,1.39,1.39,1.39,1.39,1.39,1.39,1.4,1.4,1.4,1.4,1.4,1.4,1.4,1.4,1.41,1.41,1.41,1.41,1.41,1.41,1.41,1.41,1.41,1.41,1.41,1.41,1.41,1.41,1.41,1.41,1.41,1.41,1.41,1.41,1.41,1.41,1.41,1.41,1.41,1.41,1.41,1.41,1.41,1.41,1.41,1.41,1.41,1.41,1.41,1.41,1.41,1.41,1.41,1.41,1.41,1.41,1.41,1.41,1.41,1.41,1.41,1.41,1.41,1.41,1.41,1.41,1.41,1.41,1.41,1.41,1.41,1.41,1.41,1.41,1.41,1.41,1.41,1.41,1.41,1.41,1.41,1.41,1.41,1.41,1.41,1.41,1.41,1.41,1.41,1.41,1.41,1.41,1.41,1.41,1.41
0.0,1.24,1.28,1.29,1.3,1.32,1.32,1.34,1.34,1.35,1.36,1.37,1.37,1.37,1.37,1.37,1.37,1.38,1.38,1.38,1.38,1.38,1.39,1.39,1.39,1.39,1.39,1.39,1.39,1.39,1.39,1.39,1.39,1.39,1.39,1.39,1.4,1.4,1.41,1.41,1.41,1.41,1.41,1.41,1.41,1.41,1.41,1.41,1.41,1.41,1.41,1.41,1.41,1.41,1.41,1.41,1.41,1.41,1.41,1.41,1.41,1.41,1.41,1.41,1.41,1.41,1.41,1.41,1.41,1.41,1.41,1.41,1.41,1.41,1.41,1.41,1.41,1.41,1.41,1.41,1.41,1.41,1.41,1.41,1.41,1.41,1.41,1.41,1.41,1.41,1.41,1.41,1.41,1.41,1.41,1.41,1.41,1.41,1.41,1.41,1.41,1.41,1.41,1.41,1.41,1.41,1.41,1.41,1.41,1.41,1.41,1.41,1.41,1.41,1.41,1.41,1.41,1.41,1.41,1.41
0.0,1.3,1.31,1.35,1.36,1.41,1.41,1.41,1.41,1.41,1.41,1.41,1.41,1.41,1.41,1.41,1.41,1.41,1.41,1.41,1.41,1.41,1.41,1.41,1.41,1.41,1.41,1.41,1.41,1.41,1.41,1.41,1.41,1.41,1.41,1.41,1.41,1.41,1.41,1.41,1.41,1.41,1.41,1.41,1.41,1.41,1.41,1.41,1.41,1.41,1.41,1.41,1.41,1.41,1.41,1.41,1.41,1.41,1.41,1.41,1.41,1.41,1.41,1.41,1.41,1.41,1.41,1.41,1.41,1.41,1.41,1.41,1.41,1.41,1.41,1.41,1.41,1.41,1.41,1.41,1.41,1.41,1.41,1.41,1.41,1.41,1.41,1.41,1.41,1.41,1.41,1.41,1.41,1.41,1.41,1.41,1.41,1.41,1.41,1.41,1.41,1.41,1.41,1.41,1.41,1.41,1.41,1.41,1.41,1.41,1.41,1.41,1.41,1.41,1.41,1.41,1.41,1.41,1.41,1.41
0.0,1.33,1.34,1.34,1.34,1.35,1.35,1.35,1.35,1.36,1.36,1.36,1.36,1.37,1.37,1.37,1.37,1.37,1.38,1.38,1.38,1.39,1.39,1.39,1.39,1.39,1.39,1.39,1.39,1.39,1.4,1.4,1.4,1.4,1.41,1.41,1.41,1.41,1.41,1.41,1.41,1.41,1.41,1.41,1.41,1.41,1.41,1.41,1.41,1.41,1.41,1.41,1.41,1.41,1.41,1.41,1.41,1.41,1.41,1.41,1.41,1.41,1.41,1.41,1.41,1.41,1.41,1.41,1.41,1.41,1.41,1.41,1.41,1.41,1.41,1.41,1.41,1.41,1.41,1.41,1.41,1.41,1.41,1.41,1.41,1.41,1.41,1.41,1.41,1.41,1.41,1.41,1.41,1.41,1.41,1.41,1.41,1.41,1.41,1.41,1.41,1.41,1.41,1.41,1.41,1.41,1.41,1.41,1.41,1.41,1.41,1.41,1.41,1.41,1.41,1.41,1.41,1.41,1.41,1.41
0.0,1.33,1.33,1.34,1.36,1.36,1.37,1.37,1.37,1.37,1.37,1.38,1.39,1.39,1.39,1.39,1.39,1.39,1.4,1.4,1.4,1.4,1.4,1.4,1.41,1.41,1.41,1.41,1.41,1.41,1.41,1.41,1.41,1.41,1.41,1.41,1.41,1.41,1.41,1.41,1.41,1.41,1.41,1.41,1.41,1.41,1.41,1.41,1.41,1.41,1.41,1.41,1.41,1.41,1.41,1.41,1.41,1.41,1.41,1.41,1.41,1.41,1.41,1.41,1.41,1.41,1.41,1.41,1.41,1.41,1.41,1.41,1.41,1.41,1.41,1.41,1.41,1.41,1.41,1.41,1.41,1.41,1.41,1.41,1.41,1.41,1.41,1.41,1.41,1.41,1.41,1.41,1.41,1.41,1.41,1.41,1.41,1.41,1.41,1.41,1.41,1.41,1.41,1.41,1.41,1.41,1.41,1.41,1.41,1.41,1.41,1.41,1.41,1.41,1.41,1.41,1.41,1.41,1.41,1.41
0.0,1.24,1.29,1.29,1.31,1.31,1.31,1.32,1.33,1.34,1.34,1.35,1.36,1.37,1.37,1.38,1.38,1.39,1.39,1.39,1.39,1.39,1.39,1.39,1.4,1.41,1.41,1.41,1.41,1.41,1.41,1.41,1.41,1.41,1.41,1.41,1.41,1.41,1.41,1.41,1.41,1.41,1.41,1.41,1.41,1.41,1.41,1.41,1.41,1.41,1.41,1.41,1.41,1.41,1.41,1.41,1.41,1.41,1.41,1.41,1.41,1.41,1.41,1.41,1.41,1.41,1.41,1.41,1.41,1.41,1.41,1.41,1.41,1.41,1.41,1.41,1.41,1.41,1.41,1.41,1.41,1.41,1.41,1.41,1.41,1.41,1.41,1.41,1.41,1.41,1.41,1.41,1.41,1.41,1.41,1.41,1.41,1.41,1.41,1.41,1.41,1.41,1.41,1.41,1.41,1.41,1.41,1.41,1.41,1.41,1.41,1.41,1.41,1.41,1.41,1.41,1.41,1.41,1.41,1.41
0.0,1.28,1.34,1.36,1.36,1.36,1.36,1.37,1.37,1.37,1.38,1.38,1.38,1.38,1.39,1.39,1.39,1.39,1.39,1.39,1.39,1.39,1.4,1.41,1.41,1.41,1.41,1.41,1.41,1.41,1.41,1.41,1.41,1.41,1.41,1.41,1.41,1.41,1.41,1.41,1.41,1.41,1.41,1.41,1.41,1.41,1.41,1.41,1.41,1.41,1.41,1.41,1.41,1.41,1.41,1.41,1.41,1.41,1.41,1.41,1.41,1.41,1.41,1.41,1.41,1.41,1.41,1.41,1.41,1.41,1.41,1.41,1.41,1.41,1.41,1.41,1.41,1.41,1.41,1.41,1.41,1.41,1.41,1.41,1.41,1.41,1.41,1.41,1.41,1.41,1.41,1.41,1.41,1.41,1.41,1.41,1.41,1.41,1.41,1.41,1.41,1.41,1.41,1.41,1.41,1.41,1.41,1.41,1.41,1.41,1.41,1.41,1.41,1.41,1.41,1.41,1.41,1.41,1.41,1.41
0.0,1.23,1.31,1.33,1.35,1.35,1.36,1.36,1.37,1.37,1.37,1.37,1.38,1.38,1.38,1.38,1.38,1.39,1.39,1.39,1.39,1.39,1.41,1.41,1.41,1.41,1.41,1.41,1.41,1.41,1.41,1.41,1.41,1.41,1.41,1.41,1.41,1.41,1.41,1.41,1.41,1.41,1.41,1.41,1.41,1.41,1.41,1.41,1.41,1.41,1.41,1.41,1.41,1.41,1.41,1.41,1.41,1.41,1.41,1.41,1.41,1.41,1.41,1.41,1.41,1.41,1.41,1.41,1.41,1.41,1.41,1.41,1.41,1.41,1.41,1.41,1.41,1.41,1.41,1.41,1.41,1.41,1.41,1.41,1.41,1.41,1.41,1.41,1.41,1.41,1.41,1.41,1.41,1.41,1.41,1.41,1.41,1.41,1.41,1.41,1.41,1.41,1.41,1.41,1.41,1.41,1.41,1.41,1.41,1.41,1.41,1.41,1.41,1.41,1.41,1.41,1.41,1.41,1.41,1.41
0.0,1.29,1.3,1.31,1.33,1.34,1.35,1.36,1.36,1.37,1.37,1.37,1.38,1.41,1.41,1.41,1.41,1.41,1.41,1.41,1.41,1.41,1.41,1.41,1.41,1.41,1.41,1.41,1.41,1.41,1.41,1.41,1.41,1.41,1.41,1.41,1.41,1.41,1.41,1.41,1.41,1.41,1.41,1.41,1.41,1.41,1.41,1.41,1.41,1.41,1.41,1.41,1.41,1.41,1.41,1.41,1.41,1.41,1.41,1.41,1.41,1.41,1.41,1.41,1.41,1.41,1.41,1.41,1.41,1.41,1.41,1.41,1.41,1.41,1.41,1.41,1.41,1.41,1.41,1.41,1.41,1.41,1.41,1.41,1.41,1.41,1.41,1.41,1.41,1.41,1.41,1.41,1.41,1.41,1.41,1.41,1.41,1.41,1.41,1.41,1.41,1.41,1.41,1.41,1.41,1.41,1.41,1.41,1.41,1.41,1.41,1.41,1.41,1.41,1.41,1.41,1.41,1.41,1.41,1.41
0.0,1.24,1.33,1.35,1.36,1.37,1.37,1.38,1.38,1.39,1.39,1.39,1.4,1.4,1.4,1.4,1.41,1.41,1.41,1.41,1.41,1.41,1.41,1.41,1.41,1.41,1.41,1.41,1.41,1.41,1.41,1.41,1.41,1.41,1.41,1.41,1.41,1.41,1.41,1.41,1.41,1.41,1.41,1.41,1.41,1.41,1.41,1.41,1.41,1.41,1.41,1.41,1.41,1.41,1.41,1.41,1.41,1.41,1.41,1.41,1.41,1.41,1.41,1.41,1.41,1.41,1.41,1.41,1.41,1.41,1.41,1.41,1.41,1.41,1.41,1.41,1.41,1.41,1.41,1.41,1.41,1.41,1.41,1.41,1.41,1.41,1.41,1.41,1.41,1.41,1.41,1.41,1.41,1.41,1.41,1.41,1.41,1.41,1.41,1.41,1.41,1.41,1.41,1.41,1.41,1.41,1.41,1.41,1.41,1.41,1.41,1.41,1.41,1.41,1.41,1.41,1.41,1.41,1.41,1.41
0.0,1.18,1.24,1.32,1.41,1.41,1.41,1.41,1.41,1.41,1.41,1.41,1.41,1.41,1.41,1.41,1.41,1.41,1.41,1.41,1.41,1.41,1.41,1.41,1.41,1.41,1.41,1.41,1.41,1.41,1.41,1.41,1.41,1.41,1.41,1.41,1.41,1.41,1.41,1.41,1.41,1.41,1.41,1.41,1.41,1.41,1.41,1.41,1.41,1.41,1.41,1.41,1.41,1.41,1.41,1.41,1.41,1.41,1.41,1.41,1.41,1.41,1.41,1.41,1.41,1.41,1.41,1.41,1.41,1.41,1.41,1.41,1.41,1.41,1.41,1.41,1.41,1.41,1.41,1.41,1.41,1.41,1.41,1.41,1.41,1.41,1.41,1.41,1.41,1.41,1.41,1.41,1.41,1.41,1.41,1.41,1.41,1.41,1.41,1.41,1.41,1.41,1.41,1.41,1.41,1.41,1.41,1.41,1.41,1.41,1.41,1.41,1.41,1.41,1.41,1.41,1.41,1.41,1.41,1.41
0.0,1.25,1.28,1.32,1.33,1.33,1.35,1.36,1.36,1.36,1.36,1.36,1.37,1.37,1.37,1.37,1.37,1.37,1.37,1.38,1.38,1.38,1.38,1.38,1.38,1.39,1.39,1.39,1.39,1.39,1.39,1.39,1.39,1.39,1.4,1.4,1.4,1.4,1.4,1.4,1.4,1.4,1.4,1.4,1.4,1.4,1.41,1.41,1.41,1.41,1.41,1.41,1.41,1.41,1.41,1.41,1.41,1.41,1.41,1.41,1.41,1.41,1.41,1.41,1.41,1.41,1.41,1.41,1.41,1.41,1.41,1.41,1.41,1.41,1.41,1.41,1.41,1.41,1.41,1.41,1.41,1.41,1.41,1.41,1.41,1.41,1.41,1.41,1.41,1.41,1.41,1.41,1.41,1.41,1.41,1.41,1.41,1.41,1.41,1.41,1.41,1.41,1.41,1.41,1.41,1.41,1.41,1.41,1.41,1.41,1.41,1.41,1.41,1.41,1.41,1.41,1.41,1.41,1.41,1.41
0.0,1.29,1.3,1.32,1.34,1.35,1.35,1.36,1.37,1.37,1.38,1.38,1.38,1.38,1.38,1.38,1.38,1.39,1.39,1.41,1.41,1.41,1.41,1.41,1.41,1.41,1.41,1.41,1.41,1.41,1.41,1.41,1.41,1.41,1.41,1.41,1.41,1.41,1.41,1.41,1.41,1.41,1.41,1.41,1.41,1.41,1.41,1.41,1.41,1.41,1.41,1.41,1.41,1.41,1.41,1.41,1.41,1.41,1.41,1.41,1.41,1.41,1.41,1.41,1.41,1.41,1.41,1.41,1.41,1.41,1.41,1.41,1.41,1.41,1.41,1.41,1.41,1.41,1.41,1.41,1.41,1.41,1.41,1.41,1.41,1.41,1.41,1.41,1.41,1.41,1.41,1.41,1.41,1.41,1.41,1.41,1.41,1.41,1.41,1.41,1.41,1.41,1.41,1.41,1.41,1.41,1.41,1.41,1.41,1.41,1.41,1.41,1.41,1.41,1.41,1.41,1.41,1.41,1.41,1.41
0.0,1.36,1.37,1.37,1.37,1.37,1.38,1.39,1.39,1.39,1.39,1.39,1.39,1.4,1.4,1.4,1.4,1.4,1.4,1.4,1.4,1.4,1.4,1.4,1.4,1.4,1.4,1.4,1.4,1.4,1.4,1.4,1.4,1.41,1.41,1.41,1.41,1.41,1.41,1.41,1.41,1.41,1.41,1.41,1.41,1.41,1.41,1.41,1.41,1.41,1.41,1.41,1.41,1.41,1.41,1.41,1.41,1.41,1.41,1.41,1.41,1.41,1.41,1.41,1.41,1.41,1.41,1.41,1.41,1.41,1.41,1.41,1.41,1.41,1.41,1.41,1.41,1.41,1.41,1.41,1.41,1.41,1.41,1.41,1.41,1.41,1.41,1.41,1.41,1.41,1.41,1.41,1.41,1.41,1.41,1.41,1.41,1.41,1.41,1.41,1.41,1.41,1.41,1.41,1.41,1.41,1.41,1.41,1.41,1.41,1.41,1.41,1.41,1.41,1.41,1.41,1.41,1.41,1.41,1.41
0.0,1.37,1.37,1.38,1.38,1.39,1.39,1.41,1.41,1.41,1.41,1.41,1.41,1.41,1.41,1.41,1.41,1.41,1.41,1.41,1.41,1.41,1.41,1.41,1.41,1.41,1.41,1.41,1.41,1.41,1.41,1.41,1.41,1.41,1.41,1.41,1.41,1.41,1.41,1.41,1.41,1.41,1.41,1.41,1.41,1.41,1.41,1.41,1.41,1.41,1.41,1.41,1.41,1.41,1.41,1.41,1.41,1.41,1.41,1.41,1.41,1.41,1.41,1.41,1.41,1.41,1.41,1.41,1.41,1.41,1.41,1.41,1.41,1.41,1.41,1.41,1.41,1.41,1.41,1.41,1.41,1.41,1.41,1.41,1.41,1.41,1.41,1.41,1.41,1.41,1.41,1.41,1.41,1.41,1.41,1.41,1.41,1.41,1.41,1.41,1.41,1.41,1.41,1.41,1.41,1.41,1.41,1.41,1.41,1.41,1.41,1.41,1.41,1.41,1.41,1.41,1.41,1.41,1.41,1.41
0.0,1.3,1.33,1.34,1.35,1.35,1.35,1.35,1.35,1.35,1.35,1.36,1.36,1.36,1.36,1.36,1.37,1.37,1.37,1.37,1.37,1.38,1.38,1.39,1.39,1.39,1.39,1.39,1.39,1.39,1.39,1.39,1.4,1.4,1.4,1.4,1.4,1.4,1.4,1.4,1.4,1.4,1.4,1.4,1.41,1.41,1.41,1.41,1.41,1.41,1.41,1.41,1.41,1.41,1.41,1.41,1.41,1.41,1.41,1.41,1.41,1.41,1.41,1.41,1.41,1.41,1.41,1.41,1.41,1.41,1.41,1.41,1.41,1.41,1.41,1.41,1.41,1.41,1.41,1.41,1.41,1.41,1.41,1.41,1.41,1.41,1.41,1.41,1.41,1.41,1.41,1.41,1.41,1.41,1.41,1.41,1.41,1.41,1.41,1.41,1.41,1.41,1.41,1.41,1.41,1.41,1.41,1.41,1.41,1.41,1.41,1.41,1.41,1.41,1.41,1.41,1.41,1.41,1.41,1.41
0.0,1.16,1.28,1.3,1.3,1.31,1.33,1.36,1.37,1.37,1.38,1.39,1.39,1.39,1.39,1.39,1.39,1.39,1.39,1.39,1.4,1.4,1.4,1.4,1.4,1.4,1.4,1.4,1.41,1.41,1.41,1.41,1.41,1.41,1.41,1.41,1.41,1.41,1.41,1.41,1.41,1.41,1.41,1.41,1.41,1.41,1.41,1.41,1.41,1.41,1.41,1.41,1.41,1.41,1.41,1.41,1.41,1.41,1.41,1.41,1.41,1.41,1.41,1.41,1.41,1.41,1.41,1.41,1.41,1.41,1.41,1.41,1.41,1.41,1.41,1.41,1.41,1.41,1.41,1.41,1.41,1.41,1.41,1.41,1.41,1.41,1.41,1.41,1.41,1.41,1.41,1.41,1.41,1.41,1.41,1.41,1.41,1.41,1.41,1.41,1.41,1.41,1.41,1.41,1.41,1.41,1.41,1.41,1.41,1.41,1.41,1.41,1.41,1.41,1.41,1.41,1.41,1.41,1.41,1.41
0.0,1.34,1.37,1.37,1.37,1.38,1.38,1.39,1.39,1.39,1.39,1.39,1.39,1.39,1.39,1.39,1.39,1.39,1.39,1.39,1.4,1.4,1.4,1.4,1.4,1.4,1.4,1.4,1.4,1.4,1.4,1.41,1.41,1.41,1.41,1.41,1.41,1.41,1.41,1.41,1.41,1.41,1.41,1.41,1.41,1.41,1.41,1.41,1.41,1.41,1.41,1.41,1.41,1.41,1.41,1.41,1.41,1.41,1.41,1.41,1.41,1.41,1.41,1.41,1.41,1.41,1.41,1.41,1.41,1.41,1.41,1.41,1.41,1.41,1.41,1.41,1.41,1.41,1.41,1.41,1.41,1.41,1.41,1.41,1.41,1.41,1.41,1.41,1.41,1.41,1.41,1.41,1.41,1.41,1.41,1.41,1.41,1.41,1.41,1.41,1.41,1.41,1.41,1.41,1.41,1.41,1.41,1.41,1.41,1.41,1.41,1.41,1.41,1.41,1.41,1.41,1.41,1.41,1.41,1.41
0.0,1.28,1.3,1.37,1.37,1.38,1.38,1.38,1.39,1.39,1.39,1.39,1.4,1.4,1.4,1.4,1.4,1.41,1.41,1.41,1.41,1.41,1.41,1.41,1.41,1.41,1.41,1.41,1.41,1.41,1.41,1.41,1.41,1.41,1.41,1.41,1.41,1.41,1.41,1.41,1.41,1.41,1.41,1.41,1.41,1.41,1.41,1.41,1.41,1.41,1.41,1.41,1.41,1.41,1.41,1.41,1.41,1.41,1.41,1.41,1.41,1.41,1.41,1.41,1.41,1.41,1.41,1.41,1.41,1.41,1.41,1.41,1.41,1.41,1.41,1.41,1.41,1.41,1.41,1.41,1.41,1.41,1.41,1.41,1.41,1.41,1.41,1.41,1.41,1.41,1.41,1.41,1.41,1.41,1.41,1.41,1.41,1.41,1.41,1.41,1.41,1.41,1.41,1.41,1.41,1.41,1.41,1.41,1.41,1.41,1.41,1.41,1.41,1.41,1.41,1.41,1.41,1.41,1.41,1.41
0.0,1.31,1.35,1.37,1.37,1.38,1.38,1.38,1.39,1.39,1.39,1.39,1.39,1.39,1.4,1.41,1.41,1.41,1.41,1.41,1.41,1.41,1.41,1.41,1.41,1.41,1.41,1.41,1.41,1.41,1.41,1.41,1.41,1.41,1.41,1.41,1.41,1.41,1.41,1.41,1.41,1.41,1.41,1.41,1.41,1.41,1.41,1.41,1.41,1.41,1.41,1.41,1.41,1.41,1.41,1.41,1.41,1.41,1.41,1.41,1.41,1.41,1.41,1.41,1.41,1.41,1.41,1.41,1.41,1.41,1.41,1.41,1.41,1.41,1.41,1.41,1.41,1.41,1.41,1.41,1.41,1.41,1.41,1.41,1.41,1.41,1.41,1.41,1.41,1.41,1.41,1.41,1.41,1.41,1.41,1.41,1.41,1.41,1.41,1.41,1.41,1.41,1.41,1.41,1.41,1.41,1.41,1.41,1.41,1.41,1.41,1.41,1.41,1.41,1.41,1.41,1.41,1.41,1.41,1.41
0.0,1.41,1.41,1.41,1.41,1.41,1.41,1.41,1.41,1.41,1.41,1.41,1.41,1.41,1.41,1.41,1.41,1.41,1.41,1.41,1.41,1.41,1.41,1.41,1.41,1.41,1.41,1.41,1.41,1.41,1.41,1.41,1.41,1.41,1.41,1.41,1.41,1.41,1.41,1.41,1.41,1.41,1.41,1.41,1.41,1.41,1.41,1.41,1.41,1.41,1.41,1.41,1.41,1.41,1.41,1.41,1.41,1.41,1.41,1.41,1.41,1.41,1.41,1.41,1.41,1.41,1.41,1.41,1.41,1.41,1.41,1.41,1.41,1.41,1.41,1.41,1.41,1.41,1.41,1.41,1.41,1.41,1.41,1.41,1.41,1.41,1.41,1.41,1.41,1.41,1.41,1.41,1.41,1.41,1.41,1.41,1.41,1.41,1.41,1.41,1.41,1.41,1.41,1.41,1.41,1.41,1.41,1.41,1.41,1.41,1.41,1.41,1.41,1.41,1.41,1.41,1.41,1.41,1.41,1.41
0.0,1.31,1.32,1.33,1.34,1.37,1.41,1.41,1.41,1.41,1.41,1.41,1.41,1.41,1.41,1.41,1.41,1.41,1.41,1.41,1.41,1.41,1.41,1.41,1.41,1.41,1.41,1.41,1.41,1.41,1.41,1.41,1.41,1.41,1.41,1.41,1.41,1.41,1.41,1.41,1.41,1.41,1.41,1.41,1.41,1.41,1.41,1.41,1.41,1.41,1.41,1.41,1.41,1.41,1.41,1.41,1.41,1.41,1.41,1.41,1.41,1.41,1.41,1.41,1.41,1.41,1.41,1.41,1.41,1.41,1.41,1.41,1.41,1.41,1.41,1.41,1.41,1.41,1.41,1.41,1.41,1.41,1.41,1.41,1.41,1.41,1.41,1.41,1.41,1.41,1.41,1.41,1.41,1.41,1.41,1.41,1.41,1.41,1.41,1.41,1.41,1.41,1.41,1.41,1.41,1.41,1.41,1.41,1.41,1.41,1.41,1.41,1.41,1.41,1.41,1.41,1.41,1.41,1.41,1.41
0.0,1.25,1.28,1.29,1.29,1.31,1.31,1.31,1.35,1.35,1.36,1.36,1.37,1.37,1.37,1.37,1.37,1.37,1.38,1.38,1.38,1.38,1.38,1.38,1.38,1.39,1.39,1.39,1.39,1.39,1.39,1.39,1.39,1.4,1.4,1.4,1.4,1.41,1.41,1.41,1.41,1.41,1.41,1.41,1.41,1.41,1.41,1.41,1.41,1.41,1.41,1.41,1.41,1.41,1.41,1.41,1.41,1.41,1.41,1.41,1.41,1.41,1.41,1.41,1.41,1.41,1.41,1.41,1.41,1.41,1.41,1.41,1.41,1.41,1.41,1.41,1.41,1.41,1.41,1.41,1.41,1.41,1.41,1.41,1.41,1.41,1.41,1.41,1.41,1.41,1.41,1.41,1.41,1.41,1.41,1.41,1.41,1.41,1.41,1.41,1.41,1.41,1.41,1.41,1.41,1.41,1.41,1.41,1.41,1.41,1.41,1.41,1.41,1.41,1.41,1.41,1.41,1.41,1.41,1.41
0.0,1.28,1.31,1.31,1.34,1.34,1.35,1.36,1.37,1.37,1.37,1.37,1.38,1.38,1.38,1.38,1.38,1.38,1.39,1.39,1.39,1.39,1.39,1.39,1.39,1.39,1.39,1.39,1.39,1.39,1.4,1.4,1.4,1.4,1.4,1.4,1.4,1.4,1.4,1.41,1.41,1.41,1.41,1.41,1.41,1.41,1.41,1.41,1.41,1.41,1.41,1.41,1.41,1.41,1.41,1.41,1.41,1.41,1.41,1.41,1.41,1.41,1.41,1.41,1.41,1.41,1.41,1.41,1.41,1.41,1.41,1.41,1.41,1.41,1.41,1.41,1.41,1.41,1.41,1.41,1.41,1.41,1.41,1.41,1.41,1.41,1.41,1.41,1.41,1.41,1.41,1.41,1.41,1.41,1.41,1.41,1.41,1.41,1.41,1.41,1.41,1.41,1.41,1.41,1.41,1.41,1.41,1.41,1.41,1.41,1.41,1.41,1.41,1.41,1.41,1.41,1.41,1.41,1.41,1.41
0.0,1.22,1.32,1.34,1.35,1.36,1.37,1.37,1.38,1.38,1.38,1.39,1.39,1.39,1.41,1.41,1.41,1.41,1.41,1.41,1.41,1.41,1.41,1.41,1.41,1.41,1.41,1.41,1.41,1.41,1.41,1.41,1.41,1.41,1.41,1.41,1.41,1.41,1.41,1.41,1.41,1.41,1.41,1.41,1.41,1.41,1.41,1.41,1.41,1.41,1.41,1.41,1.41,1.41,1.41,1.41,1.41,1.41,1.41,1.41,1.41,1.41,1.41,1.41,1.41,1.41,1.41,1.41,1.41,1.41,1.41,1.41,1.41,1.41,1.41,1.41,1.41,1.41,1.41,1.41,1.41,1.41,1.41,1.41,1.41,1.41,1.41,1.41,1.41,1.41,1.41,1.41,1.41,1.41,1.41,1.41,1.41,1.41,1.41,1.41,1.41,1.41,1.41,1.41,1.41,1.41,1.41,1.41,1.41,1.41,1.41,1.41,1.41,1.41,1.41,1.41,1.41,1.41,1.41,1.41
0.0,1.23,1.31,1.31,1.32,1.32,1.35,1.35,1.35,1.35,1.36,1.36,1.37,1.37,1.37,1.38,1.38,1.38,1.38,1.39,1.39,1.39,1.39,1.39,1.39,1.39,1.39,1.39,1.39,1.4,1.4,1.4,1.4,1.4,1.4,1.4,1.4,1.4,1.4,1.41,1.41,1.41,1.41,1.41,1.41,1.41,1.41,1.41,1.41,1.41,1.41,1.41,1.41,1.41,1.41,1.41,1.41,1.41,1.41,1.41,1.41,1.41,1.41,1.41,1.41,1.41,1.41,1.41,1.41,1.41,1.41,1.41,1.41,1.41,1.41,1.41,1.41,1.41,1.41,1.41,1.41,1.41,1.41,1.41,1.41,1.41,1.41,1.41,1.41,1.41,1.41,1.41,1.41,1.41,1.41,1.41,1.41,1.41,1.41,1.41,1.41,1.41,1.41,1.41,1.41,1.41,1.41,1.41,1.41,1.41,1.41,1.41,1.41,1.41,1.41,1.41,1.41,1.41,1.41,1.41
0.0,1.31,1.32,1.33,1.33,1.35,1.35,1.36,1.36,1.38,1.38,1.39,1.39,1.41,1.41,1.41,1.41,1.41,1.41,1.41,1.41,1.41,1.41,1.41,1.41,1.41,1.41,1.41,1.41,1.41,1.41,1.41,1.41,1.41,1.41,1.41,1.41,1.41,1.41,1.41,1.41,1.41,1.41,1.41,1.41,1.41,1.41,1.41,1.41,1.41,1.41,1.41,1.41,1.41,1.41,1.41,1.41,1.41,1.41,1.41,1.41,1.41,1.41,1.41,1.41,1.41,1.41,1.41,1.41,1.41,1.41,1.41,1.41,1.41,1.41,1.41,1.41,1.41,1.41,1.41,1.41,1.41,1.41,1.41,1.41,1.41,1.41,1.41,1.41,1.41,1.41,1.41,1.41,1.41,1.41,1.41,1.41,1.41,1.41,1.41,1.41,1.41,1.41,1.41,1.41,1.41,1.41,1.41,1.41,1.41,1.41,1.41,1.41,1.41,1.41,1.41,1.41,1.41,1.41,1.41
0.0,1.28,1.3,1.34,1.35,1.35,1.37,1.38,1.39,1.39,1.39,1.39,1.39,1.39,1.4,1.4,1.4,1.41,1.41,1.41,1.41,1.41,1.41,1.41,1.41,1.41,1.41,1.41,1.41,1.41,1.41,1.41,1.41,1.41,1.41,1.41,1.41,1.41,1.41,1.41,1.41,1.41,1.41,1.41,1.41,1.41,1.41,1.41,1.41,1.41,1.41,1.41,1.41,1.41,1.41,1.41,1.41,1.41,1.41,1.41,1.41,1.41,1.41,1.41,1.41,1.41,1.41,1.41,1.41,1.41,1.41,1.41,1.41,1.41,1.41,1.41,1.41,1.41,1.41,1.41,1.41,1.41,1.41,1.41,1.41,1.41,1.41,1.41,1.41,1.41,1.41,1.41,1.41,1.41,1.41,1.41,1.41,1.41,1.41,1.41,1.41,1.41,1.41,1.41,1.41,1.41,1.41,1.41,1.41,1.41,1.41,1.41,1.41,1.41,1.41,1.41,1.41,1.41,1.41,1.41
0.0,1.29,1.3,1.32,1.41,1.41,1.41,1.41,1.41,1.41,1.41,1.41,1.41,1.41,1.41,1.41,1.41,1.41,1.41,1.41,1.41,1.41,1.41,1.41,1.41,1.41,1.41,1.41,1.41,1.41,1.41,1.41,1.41,1.41,1.41,1.41,1.41,1.41,1.41,1.41,1.41,1.41,1.41,1.41,1.41,1.41,1.41,1.41,1.41,1.41,1.41,1.41,1.41,1.41,1.41,1.41,1.41,1.41,1.41,1.41,1.41,1.41,1.41,1.41,1.41,1.41,1.41,1.41,1.41,1.41,1.41,1.41,1.41,1.41,1.41,1.41,1.41,1.41,1.41,1.41,1.41,1.41,1.41,1.41,1.41,1.41,1.41,1.41,1.41,1.41,1.41,1.41,1.41,1.41,1.41,1.41,1.41,1.41,1.41,1.41,1.41,1.41,1.41,1.41,1.41,1.41,1.41,1.41,1.41,1.41,1.41,1.41,1.41,1.41,1.41,1.41,1.41,1.41,1.41,1.41
0.0,1.29,1.31,1.35,1.35,1.36,1.41,1.41,1.41,1.41,1.41,1.41,1.41,1.41,1.41,1.41,1.41,1.41,1.41,1.41,1.41,1.41,1.41,1.41,1.41,1.41,1.41,1.41,1.41,1.41,1.41,1.41,1.41,1.41,1.41,1.41,1.41,1.41,1.41,1.41,1.41,1.41,1.41,1.41,1.41,1.41,1.41,1.41,1.41,1.41,1.41,1.41,1.41,1.41,1.41,1.41,1.41,1.41,1.41,1.41,1.41,1.41,1.41,1.41,1.41,1.41,1.41,1.41,1.41,1.41,1.41,1.41,1.41,1.41,1.41,1.41,1.41,1.41,1.41,1.41,1.41,1.41,1.41,1.41,1.41,1.41,1.41,1.41,1.41,1.41,1.41,1.41,1.41,1.41,1.41,1.41,1.41,1.41,1.41,1.41,1.41,1.41,1.41,1.41,1.41,1.41,1.41,1.41,1.41,1.41,1.41,1.41,1.41,1.41,1.41,1.41,1.41,1.41,1.41,1.41
0.0,1.35,1.36,1.36,1.37,1.41,1.41,1.41,1.41,1.41,1.41,1.41,1.41,1.41,1.41,1.41,1.41,1.41,1.41,1.41,1.41,1.41,1.41,1.41,1.41,1.41,1.41,1.41,1.41,1.41,1.41,1.41,1.41,1.41,1.41,1.41,1.41,1.41,1.41,1.41,1.41,1.41,1.41,1.41,1.41,1.41,1.41,1.41,1.41,1.41,1.41,1.41,1.41,1.41,1.41,1.41,1.41,1.41,1.41,1.41,1.41,1.41,1.41,1.41,1.41,1.41,1.41,1.41,1.41,1.41,1.41,1.41,1.41,1.41,1.41,1.41,1.41,1.41,1.41,1.41,1.41,1.41,1.41,1.41,1.41,1.41,1.41,1.41,1.41,1.41,1.41,1.41,1.41,1.41,1.41,1.41,1.41,1.41,1.41,1.41,1.41,1.41,1.41,1.41,1.41,1.41,1.41,1.41,1.41,1.41,1.41,1.41,1.41,1.41,1.41,1.41,1.41,1.41,1.41,1.41
0.0,1.18,1.33,1.34,1.36,1.36,1.37,1.37,1.38,1.38,1.38,1.39,1.39,1.39,1.39,1.39,1.39,1.39,1.39,1.39,1.4,1.4,1.4,1.41,1.41,1.41,1.41,1.41,1.41,1.41,1.41,1.41,1.41,1.41,1.41,1.41,1.41,1.41,1.41,1.41,1.41,1.41,1.41,1.41,1.41,1.41,1.41,1.41,1.41,1.41,1.41,1.41,1.41,1.41,1.41,1.41,1.41,1.41,1.41,1.41,1.41,1.41,1.41,1.41,1.41,1.41,1.41,1.41,1.41,1.41,1.41,1.41,1.41,1.41,1.41,1.41,1.41,1.41,1.41,1.41,1.41,1.41,1.41,1.41,1.41,1.41,1.41,1.41,1.41,1.41,1.41,1.41,1.41,1.41,1.41,1.41,1.41,1.41,1.41,1.41,1.41,1.41,1.41,1.41,1.41,1.41,1.41,1.41,1.41,1.41,1.41,1.41,1.41,1.41,1.41,1.41,1.41,1.41,1.41,1.41
0.0,1.15,1.19,1.23,1.25,1.29,1.3,1.33,1.33,1.34,1.35,1.36,1.37,1.37,1.38,1.38,1.38,1.38,1.38,1.38,1.38,1.38,1.38,1.38,1.38,1.38,1.39,1.39,1.39,1.39,1.39,1.4,1.4,1.4,1.4,1.4,1.4,1.4,1.4,1.4,1.4,1.4,1.4,1.4,1.41,1.41,1.41,1.41,1.41,1.41,1.41,1.41,1.41,1.41,1.41,1.41,1.41,1.41,1.41,1.41,1.41,1.41,1.41,1.41,1.41,1.41,1.41,1.41,1.41,1.41,1.41,1.41,1.41,1.41,1.41,1.41,1.41,1.41,1.41,1.41,1.41,1.41,1.41,1.41,1.41,1.41,1.41,1.41,1.41,1.41,1.41,1.41,1.41,1.41,1.41,1.41,1.41,1.41,1.41,1.41,1.41,1.41,1.41,1.41,1.41,1.41,1.41,1.41,1.41,1.41,1.41,1.41,1.41,1.41,1.41,1.41,1.41,1.41,1.41,1.41
0.0,1.2,1.23,1.28,1.29,1.3,1.31,1.31,1.33,1.34,1.34,1.34,1.34,1.34,1.35,1.35,1.35,1.35,1.36,1.36,1.36,1.36,1.36,1.36,1.37,1.37,1.37,1.37,1.37,1.37,1.38,1.38,1.38,1.38,1.38,1.41,1.41,1.41,1.41,1.41,1.41,1.41,1.41,1.41,1.41,1.41,1.41,1.41,1.41,1.41,1.41,1.41,1.41,1.41,1.41,1.41,1.41,1.41,1.41,1.41,1.41,1.41,1.41,1.41,1.41,1.41,1.41,1.41,1.41,1.41,1.41,1.41,1.41,1.41,1.41,1.41,1.41,1.41,1.41,1.41,1.41,1.41,1.41,1.41,1.41,1.41,1.41,1.41,1.41,1.41,1.41,1.41,1.41,1.41,1.41,1.41,1.41,1.41,1.41,1.41,1.41,1.41,1.41,1.41,1.41,1.41,1.41,1.41,1.41,1.41,1.41,1.41,1.41,1.41,1.41,1.41,1.41,1.41,1.41,1.41
0.0,1.31,1.31,1.31,1.32,1.33,1.33,1.34,1.34,1.34,1.35,1.35,1.35,1.35,1.35,1.36,1.36,1.36,1.36,1.37,1.38,1.38,1.38,1.38,1.38,1.39,1.39,1.39,1.39,1.39,1.39,1.39,1.4,1.4,1.4,1.4,1.4,1.4,1.4,1.4,1.4,1.4,1.41,1.41,1.41,1.41,1.41,1.41,1.41,1.41,1.41,1.41,1.41,1.41,1.41,1.41,1.41,1.41,1.41,1.41,1.41,1.41,1.41,1.41,1.41,1.41,1.41,1.41,1.41,1.41,1.41,1.41,1.41,1.41,1.41,1.41,1.41,1.41,1.41,1.41,1.41,1.41,1.41,1.41,1.41,1.41,1.41,1.41,1.41,1.41,1.41,1.41,1.41,1.41,1.41,1.41,1.41,1.41,1.41,1.41,1.41,1.41,1.41,1.41,1.41,1.41,1.41,1.41,1.41,1.41,1.41,1.41,1.41,1.41,1.41,1.41,1.41,1.41,1.41,1.41
0.0,1.06,1.21,1.29,1.29,1.3,1.33,1.34,1.35,1.35,1.36,1.37,1.37,1.41,1.41,1.41,1.41,1.41,1.41,1.41,1.41,1.41,1.41,1.41,1.41,1.41,1.41,1.41,1.41,1.41,1.41,1.41,1.41,1.41,1.41,1.41,1.41,1.41,1.41,1.41,1.41,1.41,1.41,1.41,1.41,1.41,1.41,1.41,1.41,1.41,1.41,1.41,1.41,1.41,1.41,1.41,1.41,1.41,1.41,1.41,1.41,1.41,1.41,1.41,1.41,1.41,1.41,1.41,1.41,1.41,1.41,1.41,1.41,1.41,1.41,1.41,1.41,1.41,1.41,1.41,1.41,1.41,1.41,1.41,1.41,1.41,1.41,1.41,1.41,1.41,1.41,1.41,1.41,1.41,1.41,1.41,1.41,1.41,1.41,1.41,1.41,1.41,1.41,1.41,1.41,1.41,1.41,1.41,1.41,1.41,1.41,1.41,1.41,1.41,1.41,1.41,1.41,1.41,1.41,1.41
0.0,0.75,0.85,1.01,1.15,1.15,1.21,1.24,1.29,1.29,1.29,1.31,1.31,1.31,1.32,1.33,1.35,1.35,1.36,1.37,1.37,1.37,1.37,1.37,1.37,1.38,1.38,1.38,1.38,1.38,1.38,1.39,1.39,1.39,1.39,1.39,1.39,1.39,1.41,1.41,1.41,1.41,1.41,1.41,1.41,1.41,1.41,1.41,1.41,1.41,1.41,1.41,1.41,1.41,1.41,1.41,1.41,1.41,1.41,1.41,1.41,1.41,1.41,1.41,1.41,1.41,1.41,1.41,1.41,1.41,1.41,1.41,1.41,1.41,1.41,1.41,1.41,1.41,1.41,1.41,1.41,1.41,1.41,1.41,1.41,1.41,1.41,1.41,1.41,1.41,1.41,1.41,1.41,1.41,1.41,1.41,1.41,1.41,1.41,1.41,1.41,1.41,1.41,1.41,1.41,1.41,1.41,1.41,1.41,1.41,1.41,1.41,1.41,1.41,1.41,1.41,1.41,1.41,1.41,1.41
0.0,1.36,1.37,1.37,1.37,1.38,1.38,1.38,1.38,1.38,1.38,1.39,1.39,1.39,1.4,1.4,1.4,1.4,1.4,1.41,1.41,1.41,1.41,1.41,1.41,1.41,1.41,1.41,1.41,1.41,1.41,1.41,1.41,1.41,1.41,1.41,1.41,1.41,1.41,1.41,1.41,1.41,1.41,1.41,1.41,1.41,1.41,1.41,1.41,1.41,1.41,1.41,1.41,1.41,1.41,1.41,1.41,1.41,1.41,1.41,1.41,1.41,1.41,1.41,1.41,1.41,1.41,1.41,1.41,1.41,1.41,1.41,1.41,1.41,1.41,1.41,1.41,1.41,1.41,1.41,1.41,1.41,1.41,1.41,1.41,1.41,1.41,1.41,1.41,1.41,1.41,1.41,1.41,1.41,1.41,1.41,1.41,1.41,1.41,1.41,1.41,1.41,1.41,1.41,1.41,1.41,1.41,1.41,1.41,1.41,1.41,1.41,1.41,1.41,1.41,1.41,1.41,1.41,1.41,1.41
0.0,1.35,1.36,1.37,1.38,1.38,1.39,1.39,1.39,1.39,1.39,1.4,1.4,1.4,1.4,1.4,1.4,1.4,1.41,1.41,1.41,1.41,1.41,1.41,1.41,1.41,1.41,1.41,1.41,1.41,1.41,1.41,1.41,1.41,1.41,1.41,1.41,1.41,1.41,1.41,1.41,1.41,1.41,1.41,1.41,1.41,1.41,1.41,1.41,1.41,1.41,1.41,1.41,1.41,1.41,1.41,1.41,1.41,1.41,1.41,1.41,1.41,1.41,1.41,1.41,1.41,1.41,1.41,1.41,1.41,1.41,1.41,1.41,1.41,1.41,1.41,1.41,1.41,1.41,1.41,1.41,1.41,1.41,1.41,1.41,1.41,1.41,1.41,1.41,1.41,1.41,1.41,1.41,1.41,1.41,1.41,1.41,1.41,1.41,1.41,1.41,1.41,1.41,1.41,1.41,1.41,1.41,1.41,1.41,1.41,1.41,1.41,1.41,1.41,1.41,1.41,1.41,1.41,1.41,1.41
0.0,1.3,1.3,1.32,1.35,1.35,1.36,1.36,1.36,1.36,1.36,1.36,1.37,1.38,1.38,1.38,1.38,1.38,1.38,1.39,1.39,1.39,1.39,1.39,1.39,1.39,1.39,1.39,1.39,1.39,1.39,1.39,1.39,1.39,1.39,1.39,1.39,1.4,1.4,1.4,1.4,1.4,1.4,1.4,1.4,1.4,1.4,1.4,1.4,1.41,1.41,1.41,1.41,1.41,1.41,1.41,1.41,1.41,1.41,1.41,1.41,1.41,1.41,1.41,1.41,1.41,1.41,1.41,1.41,1.41,1.41,1.41,1.41,1.41,1.41,1.41,1.41,1.41,1.41,1.41,1.41,1.41,1.41,1.41,1.41,1.41,1.41,1.41,1.41,1.41,1.41,1.41,1.41,1.41,1.41,1.41,1.41,1.41,1.41,1.41,1.41,1.41,1.41,1.41,1.41,1.41,1.41,1.41,1.41,1.41,1.41,1.41,1.41,1.41,1.41,1.41,1.41,1.41,1.41,1.41
0.0,1.37,1.41,1.41,1.41,1.41,1.41,1.41,1.41,1.41,1.41,1.41,1.41,1.41,1.41,1.41,1.41,1.41,1.41,1.41,1.41,1.41,1.41,1.41,1.41,1.41,1.41,1.41,1.41,1.41,1.41,1.41,1.41,1.41,1.41,1.41,1.41,1.41,1.41,1.41,1.41,1.41,1.41,1.41,1.41,1.41,1.41,1.41,1.41,1.41,1.41,1.41,1.41,1.41,1.41,1.41,1.41,1.41,1.41,1.41,1.41,1.41,1.41,1.41,1.41,1.41,1.41,1.41,1.41,1.41,1.41,1.41,1.41,1.41,1.41,1.41,1.41,1.41,1.41,1.41,1.41,1.41,1.41,1.41,1.41,1.41,1.41,1.41,1.41,1.41,1.41,1.41,1.41,1.41,1.41,1.41,1.41,1.41,1.41,1.41,1.41,1.41,1.41,1.41,1.41,1.41,1.41,1.41,1.41,1.41,1.41,1.41,1.41,1.41,1.41,1.41,1.41,1.41,1.41,1.41
0.0,1.21,1.34,1.34,1.34,1.35,1.36,1.37,1.37,1.37,1.38,1.38,1.38,1.38,1.39,1.39,1.39,1.39,1.39,1.39,1.39,1.39,1.41,1.41,1.41,1.41,1.41,1.41,1.41,1.41,1.41,1.41,1.41,1.41,1.41,1.41,1.41,1.41,1.41,1.41,1.41,1.41,1.41,1.41,1.41,1.41,1.41,1.41,1.41,1.41,1.41,1.41,1.41,1.41,1.41,1.41,1.41,1.41,1.41,1.41,1.41,1.41,1.41,1.41,1.41,1.41,1.41,1.41,1.41,1.41,1.41,1.41,1.41,1.41,1.41,1.41,1.41,1.41,1.41,1.41,1.41,1.41,1.41,1.41,1.41,1.41,1.41,1.41,1.41,1.41,1.41,1.41,1.41,1.41,1.41,1.41,1.41,1.41,1.41,1.41,1.41,1.41,1.41,1.41,1.41,1.41,1.41,1.41,1.41,1.41,1.41,1.41,1.41,1.41,1.41,1.41,1.41,1.41,1.41,1.41
0.0,1.15,1.25,1.25,1.33,1.35,1.36,1.36,1.37,1.37,1.41,1.41,1.41,1.41,1.41,1.41,1.41,1.41,1.41,1.41,1.41,1.41,1.41,1.41,1.41,1.41,1.41,1.41,1.41,1.41,1.41,1.41,1.41,1.41,1.41,1.41,1.41,1.41,1.41,1.41,1.41,1.41,1.41,1.41,1.41,1.41,1.41,1.41,1.41,1.41,1.41,1.41,1.41,1.41,1.41,1.41,1.41,1.41,1.41,1.41,1.41,1.41,1.41,1.41,1.41,1.41,1.41,1.41,1.41,1.41,1.41,1.41,1.41,1.41,1.41,1.41,1.41,1.41,1.41,1.41,1.41,1.41,1.41,1.41,1.41,1.41,1.41,1.41,1.41,1.41,1.41,1.41,1.41,1.41,1.41,1.41,1.41,1.41,1.41,1.41,1.41,1.41,1.41,1.41,1.41,1.41,1.41,1.41,1.41,1.41,1.41,1.41,1.41,1.41,1.41,1.41,1.41,1.41,1.41,1.41
0.0,1.24,1.31,1.31,1.32,1.33,1.34,1.35,1.36,1.37,1.37,1.37,1.37,1.38,1.39,1.41,1.41,1.41,1.41,1.41,1.41,1.41,1.41,1.41,1.41,1.41,1.41,1.41,1.41,1.41,1.41,1.41,1.41,1.41,1.41,1.41,1.41,1.41,1.41,1.41,1.41,1.41,1.41,1.41,1.41,1.41,1.41,1.41,1.41,1.41,1.41,1.41,1.41,1.41,1.41,1.41,1.41,1.41,1.41,1.41,1.41,1.41,1.41,1.41,1.41,1.41,1.41,1.41,1.41,1.41,1.41,1.41,1.41,1.41,1.41,1.41,1.41,1.41,1.41,1.41,1.41,1.41,1.41,1.41,1.41,1.41,1.41,1.41,1.41,1.41,1.41,1.41,1.41,1.41,1.41,1.41,1.41,1.41,1.41,1.41,1.41,1.41,1.41,1.41,1.41,1.41,1.41,1.41,1.41,1.41,1.41,1.41,1.41,1.41,1.41,1.41,1.41,1.41,1.41,1.41
0.0,1.28,1.33,1.38,1.39,1.41,1.41,1.41,1.41,1.41,1.41,1.41,1.41,1.41,1.41,1.41,1.41,1.41,1.41,1.41,1.41,1.41,1.41,1.41,1.41,1.41,1.41,1.41,1.41,1.41,1.41,1.41,1.41,1.41,1.41,1.41,1.41,1.41,1.41,1.41,1.41,1.41,1.41,1.41,1.41,1.41,1.41,1.41,1.41,1.41,1.41,1.41,1.41,1.41,1.41,1.41,1.41,1.41,1.41,1.41,1.41,1.41,1.41,1.41,1.41,1.41,1.41,1.41,1.41,1.41,1.41,1.41,1.41,1.41,1.41,1.41,1.41,1.41,1.41,1.41,1.41,1.41,1.41,1.41,1.41,1.41,1.41,1.41,1.41,1.41,1.41,1.41,1.41,1.41,1.41,1.41,1.41,1.41,1.41,1.41,1.41,1.41,1.41,1.41,1.41,1.41,1.41,1.41,1.41,1.41,1.41,1.41,1.41,1.41,1.41,1.41,1.41,1.41,1.41,1.41
0.0,1.35,1.36,1.37,1.37,1.37,1.37,1.37,1.38,1.38,1.38,1.38,1.38,1.38,1.39,1.39,1.41,1.41,1.41,1.41,1.41,1.41,1.41,1.41,1.41,1.41,1.41,1.41,1.41,1.41,1.41,1.41,1.41,1.41,1.41,1.41,1.41,1.41,1.41,1.41,1.41,1.41,1.41,1.41,1.41,1.41,1.41,1.41,1.41,1.41,1.41,1.41,1.41,1.41,1.41,1.41,1.41,1.41,1.41,1.41,1.41,1.41,1.41,1.41,1.41,1.41,1.41,1.41,1.41,1.41,1.41,1.41,1.41,1.41,1.41,1.41,1.41,1.41,1.41,1.41,1.41,1.41,1.41,1.41,1.41,1.41,1.41,1.41,1.41,1.41,1.41,1.41,1.41,1.41,1.41,1.41,1.41,1.41,1.41,1.41,1.41,1.41,1.41,1.41,1.41,1.41,1.41,1.41,1.41,1.41,1.41,1.41,1.41,1.41,1.41,1.41,1.41,1.41,1.41,1.41
0.0,1.01,1.06,1.11,1.17,1.23,1.28,1.29,1.3,1.33,1.33,1.34,1.34,1.35,1.36,1.36,1.37,1.37,1.37,1.37,1.38,1.39,1.41,1.41,1.41,1.41,1.41,1.41,1.41,1.41,1.41,1.41,1.41,1.41,1.41,1.41,1.41,1.41,1.41,1.41,1.41,1.41,1.41,1.41,1.41,1.41,1.41,1.41,1.41,1.41,1.41,1.41,1.41,1.41,1.41,1.41,1.41,1.41,1.41,1.41,1.41,1.41,1.41,1.41,1.41,1.41,1.41,1.41,1.41,1.41,1.41,1.41,1.41,1.41,1.41,1.41,1.41,1.41,1.41,1.41,1.41,1.41,1.41,1.41,1.41,1.41,1.41,1.41,1.41,1.41,1.41,1.41,1.41,1.41,1.41,1.41,1.41,1.41,1.41,1.41,1.41,1.41,1.41,1.41,1.41,1.41,1.41,1.41,1.41,1.41,1.41,1.41,1.41,1.41,1.41,1.41,1.41,1.41,1.41,1.41
0.0,1.32,1.32,1.34,1.34,1.36,1.36,1.37,1.38,1.38,1.38,1.38,1.38,1.38,1.39,1.39,1.39,1.39,1.39,1.39,1.4,1.4,1.4,1.41,1.41,1.41,1.41,1.41,1.41,1.41,1.41,1.41,1.41,1.41,1.41,1.41,1.41,1.41,1.41,1.41,1.41,1.41,1.41,1.41,1.41,1.41,1.41,1.41,1.41,1.41,1.41,1.41,1.41,1.41,1.41,1.41,1.41,1.41,1.41,1.41,1.41,1.41,1.41,1.41,1.41,1.41,1.41,1.41,1.41,1.41,1.41,1.41,1.41,1.41,1.41,1.41,1.41,1.41,1.41,1.41,1.41,1.41,1.41,1.41,1.41,1.41,1.41,1.41,1.41,1.41,1.41,1.41,1.41,1.41,1.41,1.41,1.41,1.41,1.41,1.41,1.41,1.41,1.41,1.41,1.41,1.41,1.41,1.41,1.41,1.41,1.41,1.41,1.41,1.41,1.41,1.41,1.41,1.41,1.41,1.41
0.0,1.21,1.28,1.28,1.34,1.35,1.36,1.36,1.37,1.37,1.37,1.37,1.37,1.37,1.38,1.38,1.39,1.39,1.39,1.39,1.4,1.41,1.41,1.41,1.41,1.41,1.41,1.41,1.41,1.41,1.41,1.41,1.41,1.41,1.41,1.41,1.41,1.41,1.41,1.41,1.41,1.41,1.41,1.41,1.41,1.41,1.41,1.41,1.41,1.41,1.41,1.41,1.41,1.41,1.41,1.41,1.41,1.41,1.41,1.41,1.41,1.41,1.41,1.41,1.41,1.41,1.41,1.41,1.41,1.41,1.41,1.41,1.41,1.41,1.41,1.41,1.41,1.41,1.41,1.41,1.41,1.41,1.41,1.41,1.41,1.41,1.41,1.41,1.41,1.41,1.41,1.41,1.41,1.41,1.41,1.41,1.41,1.41,1.41,1.41,1.41,1.41,1.41,1.41,1.41,1.41,1.41,1.41,1.41,1.41,1.41,1.41,1.41,1.41,1.41,1.41,1.41,1.41,1.41,1.41
0.0,1.3,1.31,1.35,1.36,1.37,1.37,1.37,1.37,1.38,1.38,1.38,1.38,1.38,1.39,1.39,1.39,1.39,1.39,1.39,1.39,1.4,1.4,1.4,1.41,1.41,1.41,1.41,1.41,1.41,1.41,1.41,1.41,1.41,1.41,1.41,1.41,1.41,1.41,1.41,1.41,1.41,1.41,1.41,1.41,1.41,1.41,1.41,1.41,1.41,1.41,1.41,1.41,1.41,1.41,1.41,1.41,1.41,1.41,1.41,1.41,1.41,1.41,1.41,1.41,1.41,1.41,1.41,1.41,1.41,1.41,1.41,1.41,1.41,1.41,1.41,1.41,1.41,1.41,1.41,1.41,1.41,1.41,1.41,1.41,1.41,1.41,1.41,1.41,1.41,1.41,1.41,1.41,1.41,1.41,1.41,1.41,1.41,1.41,1.41,1.41,1.41,1.41,1.41,1.41,1.41,1.41,1.41,1.41,1.41,1.41,1.41,1.41,1.41,1.41,1.41,1.41,1.41,1.41,1.41
0.0,1.31,1.34,1.37,1.37,1.39,1.41,1.41,1.41,1.41,1.41,1.41,1.41,1.41,1.41,1.41,1.41,1.41,1.41,1.41,1.41,1.41,1.41,1.41,1.41,1.41,1.41,1.41,1.41,1.41,1.41,1.41,1.41,1.41,1.41,1.41,1.41,1.41,1.41,1.41,1.41,1.41,1.41,1.41,1.41,1.41,1.41,1.41,1.41,1.41,1.41,1.41,1.41,1.41,1.41,1.41,1.41,1.41,1.41,1.41,1.41,1.41,1.41,1.41,1.41,1.41,1.41,1.41,1.41,1.41,1.41,1.41,1.41,1.41,1.41,1.41,1.41,1.41,1.41,1.41,1.41,1.41,1.41,1.41,1.41,1.41,1.41,1.41,1.41,1.41,1.41,1.41,1.41,1.41,1.41,1.41,1.41,1.41,1.41,1.41,1.41,1.41,1.41,1.41,1.41,1.41,1.41,1.41,1.41,1.41,1.41,1.41,1.41,1.41,1.41,1.41,1.41,1.41,1.41,1.41
0.0,1.12,1.31,1.32,1.33,1.35,1.36,1.36,1.37,1.37,1.37,1.37,1.37,1.37,1.38,1.38,1.38,1.38,1.38,1.39,1.39,1.39,1.39,1.39,1.41,1.41,1.41,1.41,1.41,1.41,1.41,1.41,1.41,1.41,1.41,1.41,1.41,1.41,1.41,1.41,1.41,1.41,1.41,1.41,1.41,1.41,1.41,1.41,1.41,1.41,1.41,1.41,1.41,1.41,1.41,1.41,1.41,1.41,1.41,1.41,1.41,1.41,1.41,1.41,1.41,1.41,1.41,1.41,1.41,1.41,1.41,1.41,1.41,1.41,1.41,1.41,1.41,1.41,1.41,1.41,1.41,1.41,1.41,1.41,1.41,1.41,1.41,1.41,1.41,1.41,1.41,1.41,1.41,1.41,1.41,1.41,1.41,1.41,1.41,1.41,1.41,1.41,1.41,1.41,1.41,1.41,1.41,1.41,1.41,1.41,1.41,1.41,1.41,1.41,1.41,1.41,1.41,1.41,1.41,1.41
0.0,1.31,1.31,1.32,1.33,1.33,1.35,1.36,1.37,1.41,1.41,1.41,1.41,1.41,1.41,1.41,1.41,1.41,1.41,1.41,1.41,1.41,1.41,1.41,1.41,1.41,1.41,1.41,1.41,1.41,1.41,1.41,1.41,1.41,1.41,1.41,1.41,1.41,1.41,1.41,1.41,1.41,1.41,1.41,1.41,1.41,1.41,1.41,1.41,1.41,1.41,1.41,1.41,1.41,1.41,1.41,1.41,1.41,1.41,1.41,1.41,1.41,1.41,1.41,1.41,1.41,1.41,1.41,1.41,1.41,1.41,1.41,1.41,1.41,1.41,1.41,1.41,1.41,1.41,1.41,1.41,1.41,1.41,1.41,1.41,1.41,1.41,1.41,1.41,1.41,1.41,1.41,1.41,1.41,1.41,1.41,1.41,1.41,1.41,1.41,1.41,1.41,1.41,1.41,1.41,1.41,1.41,1.41,1.41,1.41,1.41,1.41,1.41,1.41,1.41,1.41,1.41,1.41,1.41,1.41
0.0,1.18,1.28,1.35,1.37,1.38,1.38,1.38,1.38,1.38,1.38,1.39,1.39,1.39,1.39,1.39,1.39,1.4,1.4,1.4,1.4,1.4,1.4,1.4,1.4,1.4,1.4,1.4,1.4,1.4,1.4,1.4,1.4,1.4,1.4,1.41,1.41,1.41,1.41,1.41,1.41,1.41,1.41,1.41,1.41,1.41,1.41,1.41,1.41,1.41,1.41,1.41,1.41,1.41,1.41,1.41,1.41,1.41,1.41,1.41,1.41,1.41,1.41,1.41,1.41,1.41,1.41,1.41,1.41,1.41,1.41,1.41,1.41,1.41,1.41,1.41,1.41,1.41,1.41,1.41,1.41,1.41,1.41,1.41,1.41,1.41,1.41,1.41,1.41,1.41,1.41,1.41,1.41,1.41,1.41,1.41,1.41,1.41,1.41,1.41,1.41,1.41,1.41,1.41,1.41,1.41,1.41,1.41,1.41,1.41,1.41,1.41,1.41,1.41,1.41,1.41,1.41,1.41,1.41,1.41
0.0,1.34,1.34,1.35,1.36,1.37,1.37,1.37,1.37,1.38,1.38,1.38,1.38,1.39,1.39,1.39,1.39,1.4,1.4,1.41,1.41,1.41,1.41,1.41,1.41,1.41,1.41,1.41,1.41,1.41,1.41,1.41,1.41,1.41,1.41,1.41,1.41,1.41,1.41,1.41,1.41,1.41,1.41,1.41,1.41,1.41,1.41,1.41,1.41,1.41,1.41,1.41,1.41,1.41,1.41,1.41,1.41,1.41,1.41,1.41,1.41,1.41,1.41,1.41,1.41,1.41,1.41,1.41,1.41,1.41,1.41,1.41,1.41,1.41,1.41,1.41,1.41,1.41,1.41,1.41,1.41,1.41,1.41,1.41,1.41,1.41,1.41,1.41,1.41,1.41,1.41,1.41,1.41,1.41,1.41,1.41,1.41,1.41,1.41,1.41,1.41,1.41,1.41,1.41,1.41,1.41,1.41,1.41,1.41,1.41,1.41,1.41,1.41,1.41,1.41,1.41,1.41,1.41,1.41,1.41
0.0,1.28,1.34,1.36,1.37,1.37,1.38,1.38,1.38,1.38,1.39,1.39,1.39,1.39,1.39,1.39,1.4,1.4,1.4,1.4,1.4,1.4,1.4,1.4,1.4,1.4,1.4,1.4,1.4,1.4,1.4,1.4,1.4,1.41,1.41,1.41,1.41,1.41,1.41,1.41,1.41,1.41,1.41,1.41,1.41,1.41,1.41,1.41,1.41,1.41,1.41,1.41,1.41,1.41,1.41,1.41,1.41,1.41,1.41,1.41,1.41,1.41,1.41,1.41,1.41,1.41,1.41,1.41,1.41,1.41,1.41,1.41,1.41,1.41,1.41,1.41,1.41,1.41,1.41,1.41,1.41,1.41,1.41,1.41,1.41,1.41,1.41,1.41,1.41,1.41,1.41,1.41,1.41,1.41,1.41,1.41,1.41,1.41,1.41,1.41,1.41,1.41,1.41,1.41,1.41,1.41,1.41,1.41,1.41,1.41,1.41,1.41,1.41,1.41,1.41,1.41,1.41,1.41,1.41,1.41
0.0,1.32,1.32,1.35,1.35,1.35,1.36,1.36,1.36,1.37,1.38,1.38,1.38,1.39,1.39,1.39,1.39,1.39,1.39,1.39,1.39,1.39,1.39,1.39,1.39,1.39,1.4,1.4,1.4,1.4,1.4,1.4,1.4,1.4,1.4,1.4,1.4,1.4,1.4,1.4,1.4,1.4,1.4,1.4,1.41,1.41,1.41,1.41,1.41,1.41,1.41,1.41,1.41,1.41,1.41,1.41,1.41,1.41,1.41,1.41,1.41,1.41,1.41,1.41,1.41,1.41,1.41,1.41,1.41,1.41,1.41,1.41,1.41,1.41,1.41,1.41,1.41,1.41,1.41,1.41,1.41,1.41,1.41,1.41,1.41,1.41,1.41,1.41,1.41,1.41,1.41,1.41,1.41,1.41,1.41,1.41,1.41,1.41,1.41,1.41,1.41,1.41,1.41,1.41,1.41,1.41,1.41,1.41,1.41,1.41,1.41,1.41,1.41,1.41,1.41,1.41,1.41,1.41,1.41,1.41
0.0,1.16,1.3,1.31,1.35,1.35,1.36,1.36,1.36,1.37,1.38,1.38,1.38,1.39,1.39,1.39,1.39,1.4,1.4,1.4,1.4,1.4,1.4,1.4,1.4,1.4,1.4,1.4,1.4,1.41,1.41,1.41,1.41,1.41,1.41,1.41,1.41,1.41,1.41,1.41,1.41,1.41,1.41,1.41,1.41,1.41,1.41,1.41,1.41,1.41,1.41,1.41,1.41,1.41,1.41,1.41,1.41,1.41,1.41,1.41,1.41,1.41,1.41,1.41,1.41,1.41,1.41,1.41,1.41,1.41,1.41,1.41,1.41,1.41,1.41,1.41,1.41,1.41,1.41,1.41,1.41,1.41,1.41,1.41,1.41,1.41,1.41,1.41,1.41,1.41,1.41,1.41,1.41,1.41,1.41,1.41,1.41,1.41,1.41,1.41,1.41,1.41,1.41,1.41,1.41,1.41,1.41,1.41,1.41,1.41,1.41,1.41,1.41,1.41,1.41,1.41,1.41,1.41,1.41,1.41
0.0,1.41,1.41,1.41,1.41,1.41,1.41,1.41,1.41,1.41,1.41,1.41,1.41,1.41,1.41,1.41,1.41,1.41,1.41,1.41,1.41,1.41,1.41,1.41,1.41,1.41,1.41,1.41,1.41,1.41,1.41,1.41,1.41,1.41,1.41,1.41,1.41,1.41,1.41,1.41,1.41,1.41,1.41,1.41,1.41,1.41,1.41,1.41,1.41,1.41,1.41,1.41,1.41,1.41,1.41,1.41,1.41,1.41,1.41,1.41,1.41,1.41,1.41,1.41,1.41,1.41,1.41,1.41,1.41,1.41,1.41,1.41,1.41,1.41,1.41,1.41,1.41,1.41,1.41,1.41,1.41,1.41,1.41,1.41,1.41,1.41,1.41,1.41,1.41,1.41,1.41,1.41,1.41,1.41,1.41,1.41,1.41,1.41,1.41,1.41,1.41,1.41,1.41,1.41,1.41,1.41,1.41,1.41,1.41,1.41,1.41,1.41,1.41,1.41,1.41,1.41,1.41,1.41,1.41,1.41
0.0,1.28,1.29,1.29,1.3,1.32,1.34,1.36,1.37,1.41,1.41,1.41,1.41,1.41,1.41,1.41,1.41,1.41,1.41,1.41,1.41,1.41,1.41,1.41,1.41,1.41,1.41,1.41,1.41,1.41,1.41,1.41,1.41,1.41,1.41,1.41,1.41,1.41,1.41,1.41,1.41,1.41,1.41,1.41,1.41,1.41,1.41,1.41,1.41,1.41,1.41,1.41,1.41,1.41,1.41,1.41,1.41,1.41,1.41,1.41,1.41,1.41,1.41,1.41,1.41,1.41,1.41,1.41,1.41,1.41,1.41,1.41,1.41,1.41,1.41,1.41,1.41,1.41,1.41,1.41,1.41,1.41,1.41,1.41,1.41,1.41,1.41,1.41,1.41,1.41,1.41,1.41,1.41,1.41,1.41,1.41,1.41,1.41,1.41,1.41,1.41,1.41,1.41,1.41,1.41,1.41,1.41,1.41,1.41,1.41,1.41,1.41,1.41,1.41,1.41,1.41,1.41,1.41,1.41,1.41
0.0,1.35,1.36,1.36,1.37,1.37,1.37,1.37,1.38,1.39,1.41,1.41,1.41,1.41,1.41,1.41,1.41,1.41,1.41,1.41,1.41,1.41,1.41,1.41,1.41,1.41,1.41,1.41,1.41,1.41,1.41,1.41,1.41,1.41,1.41,1.41,1.41,1.41,1.41,1.41,1.41,1.41,1.41,1.41,1.41,1.41,1.41,1.41,1.41,1.41,1.41,1.41,1.41,1.41,1.41,1.41,1.41,1.41,1.41,1.41,1.41,1.41,1.41,1.41,1.41,1.41,1.41,1.41,1.41,1.41,1.41,1.41,1.41,1.41,1.41,1.41,1.41,1.41,1.41,1.41,1.41,1.41,1.41,1.41,1.41,1.41,1.41,1.41,1.41,1.41,1.41,1.41,1.41,1.41,1.41,1.41,1.41,1.41,1.41,1.41,1.41,1.41,1.41,1.41,1.41,1.41,1.41,1.41,1.41,1.41,1.41,1.41,1.41,1.41,1.41,1.41,1.41,1.41,1.41,1.41
0.0,1.18,1.28,1.3,1.32,1.32,1.33,1.35,1.36,1.36,1.36,1.37,1.38,1.41,1.41,1.41,1.41,1.41,1.41,1.41,1.41,1.41,1.41,1.41,1.41,1.41,1.41,1.41,1.41,1.41,1.41,1.41,1.41,1.41,1.41,1.41,1.41,1.41,1.41,1.41,1.41,1.41,1.41,1.41,1.41,1.41,1.41,1.41,1.41,1.41,1.41,1.41,1.41,1.41,1.41,1.41,1.41,1.41,1.41,1.41,1.41,1.41,1.41,1.41,1.41,1.41,1.41,1.41,1.41,1.41,1.41,1.41,1.41,1.41,1.41,1.41,1.41,1.41,1.41,1.41,1.41,1.41,1.41,1.41,1.41,1.41,1.41,1.41,1.41,1.41,1.41,1.41,1.41,1.41,1.41,1.41,1.41,1.41,1.41,1.41,1.41,1.41,1.41,1.41,1.41,1.41,1.41,1.41,1.41,1.41,1.41,1.41,1.41,1.41,1.41,1.41,1.41,1.41,1.41,1.41
0.0,1.2,1.32,1.33,1.34,1.35,1.35,1.36,1.36,1.36,1.37,1.37,1.38,1.38,1.41,1.41,1.41,1.41,1.41,1.41,1.41,1.41,1.41,1.41,1.41,1.41,1.41,1.41,1.41,1.41,1.41,1.41,1.41,1.41,1.41,1.41,1.41,1.41,1.41,1.41,1.41,1.41,1.41,1.41,1.41,1.41,1.41,1.41,1.41,1.41,1.41,1.41,1.41,1.41,1.41,1.41,1.41,1.41,1.41,1.41,1.41,1.41,1.41,1.41,1.41,1.41,1.41,1.41,1.41,1.41,1.41,1.41,1.41,1.41,1.41,1.41,1.41,1.41,1.41,1.41,1.41,1.41,1.41,1.41,1.41,1.41,1.41,1.41,1.41,1.41,1.41,1.41,1.41,1.41,1.41,1.41,1.41,1.41,1.41,1.41,1.41,1.41,1.41,1.41,1.41,1.41,1.41,1.41,1.41,1.41,1.41,1.41,1.41,1.41,1.41,1.41,1.41,1.41,1.41,1.41
0.0,1.23,1.28,1.33,1.34,1.35,1.36,1.36,1.38,1.39,1.39,1.39,1.39,1.4,1.4,1.4,1.41,1.41,1.41,1.41,1.41,1.41,1.41,1.41,1.41,1.41,1.41,1.41,1.41,1.41,1.41,1.41,1.41,1.41,1.41,1.41,1.41,1.41,1.41,1.41,1.41,1.41,1.41,1.41,1.41,1.41,1.41,1.41,1.41,1.41,1.41,1.41,1.41,1.41,1.41,1.41,1.41,1.41,1.41,1.41,1.41,1.41,1.41,1.41,1.41,1.41,1.41,1.41,1.41,1.41,1.41,1.41,1.41,1.41,1.41,1.41,1.41,1.41,1.41,1.41,1.41,1.41,1.41,1.41,1.41,1.41,1.41,1.41,1.41,1.41,1.41,1.41,1.41,1.41,1.41,1.41,1.41,1.41,1.41,1.41,1.41,1.41,1.41,1.41,1.41,1.41,1.41,1.41,1.41,1.41,1.41,1.41,1.41,1.41,1.41,1.41,1.41,1.41,1.41,1.41
0.0,1.2,1.32,1.33,1.36,1.37,1.37,1.37,1.38,1.38,1.38,1.38,1.39,1.39,1.39,1.39,1.39,1.39,1.39,1.39,1.39,1.39,1.4,1.4,1.4,1.4,1.4,1.4,1.4,1.4,1.4,1.4,1.4,1.4,1.4,1.4,1.41,1.41,1.41,1.41,1.41,1.41,1.41,1.41,1.41,1.41,1.41,1.41,1.41,1.41,1.41,1.41,1.41,1.41,1.41,1.41,1.41,1.41,1.41,1.41,1.41,1.41,1.41,1.41,1.41,1.41,1.41,1.41,1.41,1.41,1.41,1.41,1.41,1.41,1.41,1.41,1.41,1.41,1.41,1.41,1.41,1.41,1.41,1.41,1.41,1.41,1.41,1.41,1.41,1.41,1.41,1.41,1.41,1.41,1.41,1.41,1.41,1.41,1.41,1.41,1.41,1.41,1.41,1.41,1.41,1.41,1.41,1.41,1.41,1.41,1.41,1.41,1.41,1.41,1.41,1.41,1.41,1.41,1.41,1.41
0.0,1.33,1.34,1.34,1.35,1.35,1.36,1.36,1.37,1.37,1.37,1.37,1.37,1.37,1.37,1.37,1.38,1.38,1.38,1.38,1.38,1.39,1.39,1.39,1.39,1.39,1.39,1.39,1.39,1.39,1.39,1.39,1.4,1.4,1.41,1.41,1.41,1.41,1.41,1.41,1.41,1.41,1.41,1.41,1.41,1.41,1.41,1.41,1.41,1.41,1.41,1.41,1.41,1.41,1.41,1.41,1.41,1.41,1.41,1.41,1.41,1.41,1.41,1.41,1.41,1.41,1.41,1.41,1.41,1.41,1.41,1.41,1.41,1.41,1.41,1.41,1.41,1.41,1.41,1.41,1.41,1.41,1.41,1.41,1.41,1.41,1.41,1.41,1.41,1.41,1.41,1.41,1.41,1.41,1.41,1.41,1.41,1.41,1.41,1.41,1.41,1.41,1.41,1.41,1.41,1.41,1.41,1.41,1.41,1.41,1.41,1.41,1.41,1.41,1.41,1.41,1.41,1.41,1.41,1.41
0.0,1.19,1.21,1.29,1.32,1.33,1.33,1.35,1.35,1.35,1.35,1.35,1.36,1.36,1.37,1.37,1.37,1.37,1.38,1.38,1.38,1.38,1.38,1.38,1.38,1.38,1.38,1.38,1.38,1.39,1.39,1.39,1.39,1.39,1.39,1.39,1.39,1.39,1.4,1.4,1.4,1.4,1.4,1.4,1.4,1.4,1.4,1.4,1.4,1.4,1.41,1.41,1.41,1.41,1.41,1.41,1.41,1.41,1.41,1.41,1.41,1.41,1.41,1.41,1.41,1.41,1.41,1.41,1.41,1.41,1.41,1.41,1.41,1.41,1.41,1.41,1.41,1.41,1.41,1.41,1.41,1.41,1.41,1.41,1.41,1.41,1.41,1.41,1.41,1.41,1.41,1.41,1.41,1.41,1.41,1.41,1.41,1.41,1.41,1.41,1.41,1.41,1.41,1.41,1.41,1.41,1.41,1.41,1.41,1.41,1.41,1.41,1.41,1.41,1.41,1.41,1.41,1.41,1.41,1.41
0.0,1.22,1.32,1.34,1.35,1.37,1.41,1.41,1.41,1.41,1.41,1.41,1.41,1.41,1.41,1.41,1.41,1.41,1.41,1.41,1.41,1.41,1.41,1.41,1.41,1.41,1.41,1.41,1.41,1.41,1.41,1.41,1.41,1.41,1.41,1.41,1.41,1.41,1.41,1.41,1.41,1.41,1.41,1.41,1.41,1.41,1.41,1.41,1.41,1.41,1.41,1.41,1.41,1.41,1.41,1.41,1.41,1.41,1.41,1.41,1.41,1.41,1.41,1.41,1.41,1.41,1.41,1.41,1.41,1.41,1.41,1.41,1.41,1.41,1.41,1.41,1.41,1.41,1.41,1.41,1.41,1.41,1.41,1.41,1.41,1.41,1.41,1.41,1.41,1.41,1.41,1.41,1.41,1.41,1.41,1.41,1.41,1.41,1.41,1.41,1.41,1.41,1.41,1.41,1.41,1.41,1.41,1.41,1.41,1.41,1.41,1.41,1.41,1.41,1.41,1.41,1.41,1.41,1.41,1.41
0.0,1.18,1.32,1.34,1.34,1.36,1.36,1.37,1.37,1.38,1.41,1.41,1.41,1.41,1.41,1.41,1.41,1.41,1.41,1.41,1.41,1.41,1.41,1.41,1.41,1.41,1.41,1.41,1.41,1.41,1.41,1.41,1.41,1.41,1.41,1.41,1.41,1.41,1.41,1.41,1.41,1.41,1.41,1.41,1.41,1.41,1.41,1.41,1.41,1.41,1.41,1.41,1.41,1.41,1.41,1.41,1.41,1.41,1.41,1.41,1.41,1.41,1.41,1.41,1.41,1.41,1.41,1.41,1.41,1.41,1.41,1.41,1.41,1.41,1.41,1.41,1.41,1.41,1.41,1.41,1.41,1.41,1.41,1.41,1.41,1.41,1.41,1.41,1.41,1.41,1.41,1.41,1.41,1.41,1.41,1.41,1.41,1.41,1.41,1.41,1.41,1.41,1.41,1.41,1.41,1.41,1.41,1.41,1.41,1.41,1.41,1.41,1.41,1.41,1.41,1.41,1.41,1.41,1.41,1.41
0.0,1.31,1.31,1.35,1.36,1.36,1.37,1.37,1.37,1.38,1.38,1.38,1.38,1.38,1.38,1.39,1.39,1.39,1.39,1.39,1.39,1.39,1.39,1.39,1.4,1.4,1.4,1.4,1.4,1.4,1.4,1.4,1.4,1.4,1.4,1.4,1.4,1.4,1.4,1.4,1.4,1.4,1.4,1.4,1.41,1.41,1.41,1.41,1.41,1.41,1.41,1.41,1.41,1.41,1.41,1.41,1.41,1.41,1.41,1.41,1.41,1.41,1.41,1.41,1.41,1.41,1.41,1.41,1.41,1.41,1.41,1.41,1.41,1.41,1.41,1.41,1.41,1.41,1.41,1.41,1.41,1.41,1.41,1.41,1.41,1.41,1.41,1.41,1.41,1.41,1.41,1.41,1.41,1.41,1.41,1.41,1.41,1.41,1.41,1.41,1.41,1.41,1.41,1.41,1.41,1.41,1.41,1.41,1.41,1.41,1.41,1.41,1.41,1.41,1.41,1.41,1.41,1.41,1.41,1.41
0.0,1.33,1.34,1.36,1.37,1.37,1.37,1.37,1.37,1.37,1.38,1.38,1.38,1.38,1.38,1.39,1.39,1.39,1.4,1.4,1.41,1.41,1.41,1.41,1.41,1.41,1.41,1.41,1.41,1.41,1.41,1.41,1.41,1.41,1.41,1.41,1.41,1.41,1.41,1.41,1.41,1.41,1.41,1.41,1.41,1.41,1.41,1.41,1.41,1.41,1.41,1.41,1.41,1.41,1.41,1.41,1.41,1.41,1.41,1.41,1.41,1.41,1.41,1.41,1.41,1.41,1.41,1.41,1.41,1.41,1.41,1.41,1.41,1.41,1.41,1.41,1.41,1.41,1.41,1.41,1.41,1.41,1.41,1.41,1.41,1.41,1.41,1.41,1.41,1.41,1.41,1.41,1.41,1.41,1.41,1.41,1.41,1.41,1.41,1.41,1.41,1.41,1.41,1.41,1.41,1.41,1.41,1.41,1.41,1.41,1.41,1.41,1.41,1.41,1.41,1.41,1.41,1.41,1.41,1.41
0.0,1.23,1.3,1.3,1.34,1.34,1.35,1.36,1.37,1.37,1.37,1.38,1.39,1.39,1.39,1.39,1.41,1.41,1.41,1.41,1.41,1.41,1.41,1.41,1.41,1.41,1.41,1.41,1.41,1.41,1.41,1.41,1.41,1.41,1.41,1.41,1.41,1.41,1.41,1.41,1.41,1.41,1.41,1.41,1.41,1.41,1.41,1.41,1.41,1.41,1.41,1.41,1.41,1.41,1.41,1.41,1.41,1.41,1.41,1.41,1.41,1.41,1.41,1.41,1.41,1.41,1.41,1.41,1.41,1.41,1.41,1.41,1.41,1.41,1.41,1.41,1.41,1.41,1.41,1.41,1.41,1.41,1.41,1.41,1.41,1.41,1.41,1.41,1.41,1.41,1.41,1.41,1.41,1.41,1.41,1.41,1.41,1.41,1.41,1.41,1.41,1.41,1.41,1.41,1.41,1.41,1.41,1.41,1.41,1.41,1.41,1.41,1.41,1.41,1.41,1.41,1.41,1.41,1.41,1.41
0.0,1.36,1.37,1.38,1.41,1.41,1.41,1.41,1.41,1.41,1.41,1.41,1.41,1.41,1.41,1.41,1.41,1.41,1.41,1.41,1.41,1.41,1.41,1.41,1.41,1.41,1.41,1.41,1.41,1.41,1.41,1.41,1.41,1.41,1.41,1.41,1.41,1.41,1.41,1.41,1.41,1.41,1.41,1.41,1.41,1.41,1.41,1.41,1.41,1.41,1.41,1.41,1.41,1.41,1.41,1.41,1.41,1.41,1.41,1.41,1.41,1.41,1.41,1.41,1.41,1.41,1.41,1.41,1.41,1.41,1.41,1.41,1.41,1.41,1.41,1.41,1.41,1.41,1.41,1.41,1.41,1.41,1.41,1.41,1.41,1.41,1.41,1.41,1.41,1.41,1.41,1.41,1.41,1.41,1.41,1.41,1.41,1.41,1.41,1.41,1.41,1.41,1.41,1.41,1.41,1.41,1.41,1.41,1.41,1.41,1.41,1.41,1.41,1.41,1.41,1.41,1.41,1.41,1.41,1.41
0.0,1.32,1.36,1.37,1.38,1.38,1.38,1.38,1.38,1.39,1.39,1.39,1.39,1.41,1.41,1.41,1.41,1.41,1.41,1.41,1.41,1.41,1.41,1.41,1.41,1.41,1.41,1.41,1.41,1.41,1.41,1.41,1.41,1.41,1.41,1.41,1.41,1.41,1.41,1.41,1.41,1.41,1.41,1.41,1.41,1.41,1.41,1.41,1.41,1.41,1.41,1.41,1.41,1.41,1.41,1.41,1.41,1.41,1.41,1.41,1.41,1.41,1.41,1.41,1.41,1.41,1.41,1.41,1.41,1.41,1.41,1.41,1.41,1.41,1.41,1.41,1.41,1.41,1.41,1.41,1.41,1.41,1.41,1.41,1.41,1.41,1.41,1.41,1.41,1.41,1.41,1.41,1.41,1.41,1.41,1.41,1.41,1.41,1.41,1.41,1.41,1.41,1.41,1.41,1.41,1.41,1.41,1.41,1.41,1.41,1.41,1.41,1.41,1.41,1.41,1.41,1.41,1.41,1.41,1.41
0.0,1.18,1.31,1.34,1.35,1.36,1.36,1.41,1.41,1.41,1.41,1.41,1.41,1.41,1.41,1.41,1.41,1.41,1.41,1.41,1.41,1.41,1.41,1.41,1.41,1.41,1.41,1.41,1.41,1.41,1.41,1.41,1.41,1.41,1.41,1.41,1.41,1.41,1.41,1.41,1.41,1.41,1.41,1.41,1.41,1.41,1.41,1.41,1.41,1.41,1.41,1.41,1.41,1.41,1.41,1.41,1.41,1.41,1.41,1.41,1.41,1.41,1.41,1.41,1.41,1.41,1.41,1.41,1.41,1.41,1.41,1.41,1.41,1.41,1.41,1.41,1.41,1.41,1.41,1.41,1.41,1.41,1.41,1.41,1.41,1.41,1.41,1.41,1.41,1.41,1.41,1.41,1.41,1.41,1.41,1.41,1.41,1.41,1.41,1.41,1.41,1.41,1.41,1.41,1.41,1.41,1.41,1.41,1.41,1.41,1.41,1.41,1.41,1.41,1.41,1.41,1.41,1.41,1.41,1.41
0.0,1.33,1.35,1.37,1.37,1.37,1.38,1.41,1.41,1.41,1.41,1.41,1.41,1.41,1.41,1.41,1.41,1.41,1.41,1.41,1.41,1.41,1.41,1.41,1.41,1.41,1.41,1.41,1.41,1.41,1.41,1.41,1.41,1.41,1.41,1.41,1.41,1.41,1.41,1.41,1.41,1.41,1.41,1.41,1.41,1.41,1.41,1.41,1.41,1.41,1.41,1.41,1.41,1.41,1.41,1.41,1.41,1.41,1.41,1.41,1.41,1.41,1.41,1.41,1.41,1.41,1.41,1.41,1.41,1.41,1.41,1.41,1.41,1.41,1.41,1.41,1.41,1.41,1.41,1.41,1.41,1.41,1.41,1.41,1.41,1.41,1.41,1.41,1.41,1.41,1.41,1.41,1.41,1.41,1.41,1.41,1.41,1.41,1.41,1.41,1.41,1.41,1.41,1.41,1.41,1.41,1.41,1.41,1.41,1.41,1.41,1.41,1.41,1.41,1.41,1.41,1.41,1.41,1.41,1.41
0.0,1.25,1.28,1.32,1.32,1.33,1.35,1.36,1.36,1.36,1.37,1.37,1.37,1.37,1.38,1.38,1.38,1.38,1.39,1.39,1.39,1.39,1.39,1.39,1.39,1.39,1.4,1.4,1.4,1.41,1.41,1.41,1.41,1.41,1.41,1.41,1.41,1.41,1.41,1.41,1.41,1.41,1.41,1.41,1.41,1.41,1.41,1.41,1.41,1.41,1.41,1.41,1.41,1.41,1.41,1.41,1.41,1.41,1.41,1.41,1.41,1.41,1.41,1.41,1.41,1.41,1.41,1.41,1.41,1.41,1.41,1.41,1.41,1.41,1.41,1.41,1.41,1.41,1.41,1.41,1.41,1.41,1.41,1.41,1.41,1.41,1.41,1.41,1.41,1.41,1.41,1.41,1.41,1.41,1.41,1.41,1.41,1.41,1.41,1.41,1.41,1.41,1.41,1.41,1.41,1.41,1.41,1.41,1.41,1.41,1.41,1.41,1.41,1.41,1.41,1.41,1.41,1.41,1.41,1.41
0.0,1.33,1.35,1.35,1.36,1.37,1.37,1.37,1.37,1.37,1.38,1.38,1.38,1.39,1.41,1.41,1.41,1.41,1.41,1.41,1.41,1.41,1.41,1.41,1.41,1.41,1.41,1.41,1.41,1.41,1.41,1.41,1.41,1.41,1.41,1.41,1.41,1.41,1.41,1.41,1.41,1.41,1.41,1.41,1.41,1.41,1.41,1.41,1.41,1.41,1.41,1.41,1.41,1.41,1.41,1.41,1.41,1.41,1.41,1.41,1.41,1.41,1.41,1.41,1.41,1.41,1.41,1.41,1.41,1.41,1.41,1.41,1.41,1.41,1.41,1.41,1.41,1.41,1.41,1.41,1.41,1.41,1.41,1.41,1.41,1.41,1.41,1.41,1.41,1.41,1.41,1.41,1.41,1.41,1.41,1.41,1.41,1.41,1.41,1.41,1.41,1.41,1.41,1.41,1.41,1.41,1.41,1.41,1.41,1.41,1.41,1.41,1.41,1.41,1.41,1.41,1.41,1.41,1.41,1.41
0.0,1.31,1.35,1.35,1.35,1.36,1.36,1.36,1.36,1.36,1.37,1.37,1.37,1.37,1.37,1.37,1.37,1.37,1.37,1.38,1.38,1.38,1.38,1.38,1.38,1.38,1.38,1.38,1.38,1.38,1.38,1.38,1.39,1.39,1.39,1.39,1.39,1.39,1.39,1.39,1.39,1.39,1.39,1.39,1.39,1.4,1.4,1.41,1.41,1.41,1.41,1.41,1.41,1.41,1.41,1.41,1.41,1.41,1.41,1.41,1.41,1.41,1.41,1.41,1.41,1.41,1.41,1.41,1.41,1.41,1.41,1.41,1.41,1.41,1.41,1.41,1.41,1.41,1.41,1.41,1.41,1.41,1.41,1.41,1.41,1.41,1.41,1.41,1.41,1.41,1.41,1.41,1.41,1.41,1.41,1.41,1.41,1.41,1.41,1.41,1.41,1.41,1.41,1.41,1.41,1.41,1.41,1.41,1.41,1.41,1.41,1.41,1.41,1.41,1.41,1.41,1.41,1.41,1.41,1.41
0.0,1.22,1.28,1.29,1.29,1.32,1.33,1.33,1.33,1.34,1.34,1.35,1.35,1.35,1.35,1.35,1.35,1.36,1.36,1.36,1.36,1.37,1.37,1.37,1.37,1.37,1.38,1.38,1.38,1.38,1.38,1.38,1.39,1.39,1.39,1.39,1.39,1.39,1.39,1.39,1.4,1.4,1.4,1.4,1.4,1.4,1.4,1.41,1.41,1.41,1.41,1.41,1.41,1.41,1.41,1.41,1.41,1.41,1.41,1.41,1.41,1.41,1.41,1.41,1.41,1.41,1.41,1.41,1.41,1.41,1.41,1.41,1.41,1.41,1.41,1.41,1.41,1.41,1.41,1.41,1.41,1.41,1.41,1.41,1.41,1.41,1.41,1.41,1.41,1.41,1.41,1.41,1.41,1.41,1.41,1.41,1.41,1.41,1.41,1.41,1.41,1.41,1.41,1.41,1.41,1.41,1.41,1.41,1.41,1.41,1.41,1.41,1.41,1.41,1.41,1.41,1.41,1.41,1.41,1.41
0.0,1.31,1.32,1.35,1.36,1.37,1.37,1.38,1.38,1.41,1.41,1.41,1.41,1.41,1.41,1.41,1.41,1.41,1.41,1.41,1.41,1.41,1.41,1.41,1.41,1.41,1.41,1.41,1.41,1.41,1.41,1.41,1.41,1.41,1.41,1.41,1.41,1.41,1.41,1.41,1.41,1.41,1.41,1.41,1.41,1.41,1.41,1.41,1.41,1.41,1.41,1.41,1.41,1.41,1.41,1.41,1.41,1.41,1.41,1.41,1.41,1.41,1.41,1.41,1.41,1.41,1.41,1.41,1.41,1.41,1.41,1.41,1.41,1.41,1.41,1.41,1.41,1.41,1.41,1.41,1.41,1.41,1.41,1.41,1.41,1.41,1.41,1.41,1.41,1.41,1.41,1.41,1.41,1.41,1.41,1.41,1.41,1.41,1.41,1.41,1.41,1.41,1.41,1.41,1.41,1.41,1.41,1.41,1.41,1.41,1.41,1.41,1.41,1.41,1.41,1.41,1.41,1.41,1.41,1.41
0.0,1.41,1.41,1.41,1.41,1.41,1.41,1.41,1.41,1.41,1.41,1.41,1.41,1.41,1.41,1.41,1.41,1.41,1.41,1.41,1.41,1.41,1.41,1.41,1.41,1.41,1.41,1.41,1.41,1.41,1.41,1.41,1.41,1.41,1.41,1.41,1.41,1.41,1.41,1.41,1.41,1.41,1.41,1.41,1.41,1.41,1.41,1.41,1.41,1.41,1.41,1.41,1.41,1.41,1.41,1.41,1.41,1.41,1.41,1.41,1.41,1.41,1.41,1.41,1.41,1.41,1.41,1.41,1.41,1.41,1.41,1.41,1.41,1.41,1.41,1.41,1.41,1.41,1.41,1.41,1.41,1.41,1.41,1.41,1.41,1.41,1.41,1.41,1.41,1.41,1.41,1.41,1.41,1.41,1.41,1.41,1.41,1.41,1.41,1.41,1.41,1.41,1.41,1.41,1.41,1.41,1.41,1.41,1.41,1.41,1.41,1.41,1.41,1.41,1.41,1.41,1.41,1.41,1.41,1.41
0.0,1.28,1.32,1.34,1.34,1.35,1.36,1.36,1.37,1.37,1.37,1.37,1.37,1.37,1.37,1.38,1.38,1.38,1.38,1.38,1.39,1.39,1.39,1.39,1.39,1.39,1.39,1.39,1.4,1.4,1.4,1.4,1.41,1.41,1.41,1.41,1.41,1.41,1.41,1.41,1.41,1.41,1.41,1.41,1.41,1.41,1.41,1.41,1.41,1.41,1.41,1.41,1.41,1.41,1.41,1.41,1.41,1.41,1.41,1.41,1.41,1.41,1.41,1.41,1.41,1.41,1.41,1.41,1.41,1.41,1.41,1.41,1.41,1.41,1.41,1.41,1.41,1.41,1.41,1.41,1.41,1.41,1.41,1.41,1.41,1.41,1.41,1.41,1.41,1.41,1.41,1.41,1.41,1.41,1.41,1.41,1.41,1.41,1.41,1.41,1.41,1.41,1.41,1.41,1.41,1.41,1.41,1.41,1.41,1.41,1.41,1.41,1.41,1.41,1.41,1.41,1.41,1.41,1.41,1.41
0.0,1.31,1.31,1.33,1.33,1.33,1.34,1.34,1.35,1.35,1.35,1.35,1.35,1.35,1.36,1.36,1.36,1.36,1.37,1.37,1.37,1.37,1.37,1.37,1.37,1.38,1.39,1.39,1.39,1.39,1.39,1.41,1.41,1.41,1.41,1.41,1.41,1.41,1.41,1.41,1.41,1.41,1.41,1.41,1.41,1.41,1.41,1.41,1.41,1.41,1.41,1.41,1.41,1.41,1.41,1.41,1.41,1.41,1.41,1.41,1.41,1.41,1.41,1.41,1.41,1.41,1.41,1.41,1.41,1.41,1.41,1.41,1.41,1.41,1.41,1.41,1.41,1.41,1.41,1.41,1.41,1.41,1.41,1.41,1.41,1.41,1.41,1.41,1.41,1.41,1.41,1.41,1.41,1.41,1.41,1.41,1.41,1.41,1.41,1.41,1.41,1.41,1.41,1.41,1.41,1.41,1.41,1.41,1.41,1.41,1.41,1.41,1.41,1.41,1.41,1.41,1.41,1.41,1.41,1.41
0.0,1.28,1.33,1.35,1.35,1.36,1.36,1.37,1.37,1.37,1.37,1.37,1.38,1.38,1.38,1.38,1.38,1.38,1.38,1.39,1.39,1.39,1.39,1.39,1.39,1.39,1.4,1.4,1.4,1.4,1.41,1.41,1.41,1.41,1.41,1.41,1.41,1.41,1.41,1.41,1.41,1.41,1.41,1.41,1.41,1.41,1.41,1.41,1.41,1.41,1.41,1.41,1.41,1.41,1.41,1.41,1.41,1.41,1.41,1.41,1.41,1.41,1.41,1.41,1.41,1.41,1.41,1.41,1.41,1.41,1.41,1.41,1.41,1.41,1.41,1.41,1.41,1.41,1.41,1.41,1.41,1.41,1.41,1.41,1.41,1.41,1.41,1.41,1.41,1.41,1.41,1.41,1.41,1.41,1.41,1.41,1.41,1.41,1.41,1.41,1.41,1.41,1.41,1.41,1.41,1.41,1.41,1.41,1.41,1.41,1.41,1.41,1.41,1.41,1.41,1.41,1.41,1.41,1.41,1.41
0.0,1.33,1.33,1.36,1.36,1.37,1.37,1.37,1.37,1.37,1.38,1.38,1.38,1.39,1.39,1.39,1.39,1.39,1.39,1.39,1.39,1.39,1.39,1.39,1.39,1.39,1.4,1.4,1.4,1.4,1.4,1.4,1.4,1.4,1.41,1.41,1.41,1.41,1.41,1.41,1.41,1.41,1.41,1.41,1.41,1.41,1.41,1.41,1.41,1.41,1.41,1.41,1.41,1.41,1.41,1.41,1.41,1.41,1.41,1.41,1.41,1.41,1.41,1.41,1.41,1.41,1.41,1.41,1.41,1.41,1.41,1.41,1.41,1.41,1.41,1.41,1.41,1.41,1.41,1.41,1.41,1.41,1.41,1.41,1.41,1.41,1.41,1.41,1.41,1.41,1.41,1.41,1.41,1.41,1.41,1.41,1.41,1.41,1.41,1.41,1.41,1.41,1.41,1.41,1.41,1.41,1.41,1.41,1.41,1.41,1.41,1.41,1.41,1.41,1.41,1.41,1.41,1.41,1.41,1.41
0.0,1.23,1.34,1.36,1.36,1.36,1.37,1.37,1.37,1.37,1.37,1.37,1.38,1.38,1.38,1.38,1.38,1.38,1.38,1.38,1.38,1.39,1.39,1.39,1.39,1.39,1.39,1.39,1.39,1.39,1.39,1.39,1.39,1.39,1.39,1.4,1.4,1.4,1.4,1.4,1.4,1.4,1.4,1.4,1.4,1.4,1.4,1.4,1.41,1.41,1.41,1.41,1.41,1.41,1.41,1.41,1.41,1.41,1.41,1.41,1.41,1.41,1.41,1.41,1.41,1.41,1.41,1.41,1.41,1.41,1.41,1.41,1.41,1.41,1.41,1.41,1.41,1.41,1.41,1.41,1.41,1.41,1.41,1.41,1.41,1.41,1.41,1.41,1.41,1.41,1.41,1.41,1.41,1.41,1.41,1.41,1.41,1.41,1.41,1.41,1.41,1.41,1.41,1.41,1.41,1.41,1.41,1.41,1.41,1.41,1.41,1.41,1.41,1.41,1.41,1.41,1.41,1.41,1.41,1.41
0.0,1.35,1.36,1.36,1.36,1.37,1.37,1.37,1.38,1.38,1.38,1.38,1.38,1.39,1.39,1.39,1.39,1.39,1.39,1.39,1.39,1.39,1.39,1.39,1.4,1.4,1.4,1.4,1.4,1.4,1.4,1.4,1.4,1.4,1.4,1.4,1.4,1.4,1.4,1.4,1.4,1.4,1.4,1.4,1.4,1.4,1.4,1.41,1.41,1.41,1.41,1.41,1.41,1.41,1.41,1.41,1.41,1.41,1.41,1.41,1.41,1.41,1.41,1.41,1.41,1.41,1.41,1.41,1.41,1.41,1.41,1.41,1.41,1.41,1.41,1.41,1.41,1.41,1.41,1.41,1.41,1.41,1.41,1.41,1.41,1.41,1.41,1.41,1.41,1.41,1.41,1.41,1.41,1.41,1.41,1.41,1.41,1.41,1.41,1.41,1.41,1.41,1.41,1.41,1.41,1.41,1.41,1.41,1.41,1.41,1.41,1.41,1.41,1.41,1.41,1.41,1.41,1.41,1.41,1.41
0.0,1.32,1.35,1.35,1.37,1.37,1.38,1.38,1.38,1.38,1.41,1.41,1.41,1.41,1.41,1.41,1.41,1.41,1.41,1.41,1.41,1.41,1.41,1.41,1.41,1.41,1.41,1.41,1.41,1.41,1.41,1.41,1.41,1.41,1.41,1.41,1.41,1.41,1.41,1.41,1.41,1.41,1.41,1.41,1.41,1.41,1.41,1.41,1.41,1.41,1.41,1.41,1.41,1.41,1.41,1.41,1.41,1.41,1.41,1.41,1.41,1.41,1.41,1.41,1.41,1.41,1.41,1.41,1.41,1.41,1.41,1.41,1.41,1.41,1.41,1.41,1.41,1.41,1.41,1.41,1.41,1.41,1.41,1.41,1.41,1.41,1.41,1.41,1.41,1.41,1.41,1.41,1.41,1.41,1.41,1.41,1.41,1.41,1.41,1.41,1.41,1.41,1.41,1.41,1.41,1.41,1.41,1.41,1.41,1.41,1.41,1.41,1.41,1.41,1.41,1.41,1.41,1.41,1.41,1.41
0.0,1.3,1.3,1.31,1.32,1.32,1.33,1.33,1.35,1.36,1.37,1.38,1.41,1.41,1.41,1.41,1.41,1.41,1.41,1.41,1.41,1.41,1.41,1.41,1.41,1.41,1.41,1.41,1.41,1.41,1.41,1.41,1.41,1.41,1.41,1.41,1.41,1.41,1.41,1.41,1.41,1.41,1.41,1.41,1.41,1.41,1.41,1.41,1.41,1.41,1.41,1.41,1.41,1.41,1.41,1.41,1.41,1.41,1.41,1.41,1.41,1.41,1.41,1.41,1.41,1.41,1.41,1.41,1.41,1.41,1.41,1.41,1.41,1.41,1.41,1.41,1.41,1.41,1.41,1.41,1.41,1.41,1.41,1.41,1.41,1.41,1.41,1.41,1.41,1.41,1.41,1.41,1.41,1.41,1.41,1.41,1.41,1.41,1.41,1.41,1.41,1.41,1.41,1.41,1.41,1.41,1.41,1.41,1.41,1.41,1.41,1.41,1.41,1.41,1.41,1.41,1.41,1.41,1.41,1.41
0.0,1.29,1.32,1.32,1.35,1.35,1.36,1.36,1.36,1.36,1.37,1.37,1.37,1.37,1.37,1.37,1.38,1.39,1.41,1.41,1.41,1.41,1.41,1.41,1.41,1.41,1.41,1.41,1.41,1.41,1.41,1.41,1.41,1.41,1.41,1.41,1.41,1.41,1.41,1.41,1.41,1.41,1.41,1.41,1.41,1.41,1.41,1.41,1.41,1.41,1.41,1.41,1.41,1.41,1.41,1.41,1.41,1.41,1.41,1.41,1.41,1.41,1.41,1.41,1.41,1.41,1.41,1.41,1.41,1.41,1.41,1.41,1.41,1.41,1.41,1.41,1.41,1.41,1.41,1.41,1.41,1.41,1.41,1.41,1.41,1.41,1.41,1.41,1.41,1.41,1.41,1.41,1.41,1.41,1.41,1.41,1.41,1.41,1.41,1.41,1.41,1.41,1.41,1.41,1.41,1.41,1.41,1.41,1.41,1.41,1.41,1.41,1.41,1.41,1.41,1.41,1.41,1.41,1.41,1.41
0.0,1.25,1.31,1.33,1.34,1.35,1.36,1.36,1.37,1.37,1.37,1.37,1.37,1.38,1.38,1.38,1.38,1.38,1.38,1.38,1.38,1.39,1.39,1.39,1.39,1.39,1.39,1.39,1.39,1.39,1.39,1.39,1.39,1.39,1.39,1.39,1.4,1.4,1.4,1.4,1.4,1.4,1.4,1.4,1.4,1.4,1.4,1.4,1.4,1.4,1.4,1.4,1.4,1.4,1.4,1.4,1.41,1.41,1.41,1.41,1.41,1.41,1.41,1.41,1.41,1.41,1.41,1.41,1.41,1.41,1.41,1.41,1.41,1.41,1.41,1.41,1.41,1.41,1.41,1.41,1.41,1.41,1.41,1.41,1.41,1.41,1.41,1.41,1.41,1.41,1.41,1.41,1.41,1.41,1.41,1.41,1.41,1.41,1.41,1.41,1.41,1.41,1.41,1.41,1.41,1.41,1.41,1.41,1.41,1.41,1.41,1.41,1.41,1.41,1.41,1.41,1.41,1.41,1.41,1.41
0.0,1.24,1.28,1.3,1.3,1.33,1.41,1.41,1.41,1.41,1.41,1.41,1.41,1.41,1.41,1.41,1.41,1.41,1.41,1.41,1.41,1.41,1.41,1.41,1.41,1.41,1.41,1.41,1.41,1.41,1.41,1.41,1.41,1.41,1.41,1.41,1.41,1.41,1.41,1.41,1.41,1.41,1.41,1.41,1.41,1.41,1.41,1.41,1.41,1.41,1.41,1.41,1.41,1.41,1.41,1.41,1.41,1.41,1.41,1.41,1.41,1.41,1.41,1.41,1.41,1.41,1.41,1.41,1.41,1.41,1.41,1.41,1.41,1.41,1.41,1.41,1.41,1.41,1.41,1.41,1.41,1.41,1.41,1.41,1.41,1.41,1.41,1.41,1.41,1.41,1.41,1.41,1.41,1.41,1.41,1.41,1.41,1.41,1.41,1.41,1.41,1.41,1.41,1.41,1.41,1.41,1.41,1.41,1.41,1.41,1.41,1.41,1.41,1.41,1.41,1.41,1.41,1.41,1.41,1.41
0.0,1.33,1.34,1.35,1.35,1.35,1.35,1.36,1.36,1.37,1.37,1.37,1.38,1.41,1.41,1.41,1.41,1.41,1.41,1.41,1.41,1.41,1.41,1.41,1.41,1.41,1.41,1.41,1.41,1.41,1.41,1.41,1.41,1.41,1.41,1.41,1.41,1.41,1.41,1.41,1.41,1.41,1.41,1.41,1.41,1.41,1.41,1.41,1.41,1.41,1.41,1.41,1.41,1.41,1.41,1.41,1.41,1.41,1.41,1.41,1.41,1.41,1.41,1.41,1.41,1.41,1.41,1.41,1.41,1.41,1.41,1.41,1.41,1.41,1.41,1.41,1.41,1.41,1.41,1.41,1.41,1.41,1.41,1.41,1.41,1.41,1.41,1.41,1.41,1.41,1.41,1.41,1.41,1.41,1.41,1.41,1.41,1.41,1.41,1.41,1.41,1.41,1.41,1.41,1.41,1.41,1.41,1.41,1.41,1.41,1.41,1.41,1.41,1.41,1.41,1.41,1.41,1.41,1.41,1.41
0.0,1.32,1.32,1.32,1.35,1.35,1.36,1.36,1.36,1.36,1.36,1.37,1.37,1.37,1.37,1.38,1.38,1.38,1.38,1.38,1.39,1.39,1.39,1.39,1.4,1.41,1.41,1.41,1.41,1.41,1.41,1.41,1.41,1.41,1.41,1.41,1.41,1.41,1.41,1.41,1.41,1.41,1.41,1.41,1.41,1.41,1.41,1.41,1.41,1.41,1.41,1.41,1.41,1.41,1.41,1.41,1.41,1.41,1.41,1.41,1.41,1.41,1.41,1.41,1.41,1.41,1.41,1.41,1.41,1.41,1.41,1.41,1.41,1.41,1.41,1.41,1.41,1.41,1.41,1.41,1.41,1.41,1.41,1.41,1.41,1.41,1.41,1.41,1.41,1.41,1.41,1.41,1.41,1.41,1.41,1.41,1.41,1.41,1.41,1.41,1.41,1.41,1.41,1.41,1.41,1.41,1.41,1.41,1.41,1.41,1.41,1.41,1.41,1.41,1.41,1.41,1.41,1.41,1.41,1.41
0.0,1.3,1.31,1.32,1.32,1.34,1.35,1.36,1.36,1.36,1.37,1.37,1.37,1.38,1.38,1.38,1.38,1.38,1.38,1.38,1.38,1.38,1.38,1.38,1.38,1.38,1.38,1.39,1.39,1.39,1.39,1.39,1.39,1.39,1.39,1.39,1.39,1.39,1.39,1.4,1.4,1.4,1.41,1.41,1.41,1.41,1.41,1.41,1.41,1.41,1.41,1.41,1.41,1.41,1.41,1.41,1.41,1.41,1.41,1.41,1.41,1.41,1.41,1.41,1.41,1.41,1.41,1.41,1.41,1.41,1.41,1.41,1.41,1.41,1.41,1.41,1.41,1.41,1.41,1.41,1.41,1.41,1.41,1.41,1.41,1.41,1.41,1.41,1.41,1.41,1.41,1.41,1.41,1.41,1.41,1.41,1.41,1.41,1.41,1.41,1.41,1.41,1.41,1.41,1.41,1.41,1.41,1.41,1.41,1.41,1.41,1.41,1.41,1.41,1.41,1.41,1.41,1.41,1.41,1.41
0.0,1.28,1.32,1.34,1.35,1.37,1.37,1.38,1.38,1.38,1.39,1.39,1.4,1.4,1.4,1.4,1.41,1.41,1.41,1.41,1.41,1.41,1.41,1.41,1.41,1.41,1.41,1.41,1.41,1.41,1.41,1.41,1.41,1.41,1.41,1.41,1.41,1.41,1.41,1.41,1.41,1.41,1.41,1.41,1.41,1.41,1.41,1.41,1.41,1.41,1.41,1.41,1.41,1.41,1.41,1.41,1.41,1.41,1.41,1.41,1.41,1.41,1.41,1.41,1.41,1.41,1.41,1.41,1.41,1.41,1.41,1.41,1.41,1.41,1.41,1.41,1.41,1.41,1.41,1.41,1.41,1.41,1.41,1.41,1.41,1.41,1.41,1.41,1.41,1.41,1.41,1.41,1.41,1.41,1.41,1.41,1.41,1.41,1.41,1.41,1.41,1.41,1.41,1.41,1.41,1.41,1.41,1.41,1.41,1.41,1.41,1.41,1.41,1.41,1.41,1.41,1.41,1.41,1.41,1.41
0.0,1.29,1.31,1.32,1.32,1.32,1.34,1.34,1.35,1.35,1.36,1.38,1.38,1.38,1.38,1.38,1.39,1.39,1.39,1.39,1.39,1.39,1.39,1.39,1.39,1.39,1.39,1.4,1.41,1.41,1.41,1.41,1.41,1.41,1.41,1.41,1.41,1.41,1.41,1.41,1.41,1.41,1.41,1.41,1.41,1.41,1.41,1.41,1.41,1.41,1.41,1.41,1.41,1.41,1.41,1.41,1.41,1.41,1.41,1.41,1.41,1.41,1.41,1.41,1.41,1.41,1.41,1.41,1.41,1.41,1.41,1.41,1.41,1.41,1.41,1.41,1.41,1.41,1.41,1.41,1.41,1.41,1.41,1.41,1.41,1.41,1.41,1.41,1.41,1.41,1.41,1.41,1.41,1.41,1.41,1.41,1.41,1.41,1.41,1.41,1.41,1.41,1.41,1.41,1.41,1.41,1.41,1.41,1.41,1.41,1.41,1.41,1.41,1.41,1.41,1.41,1.41,1.41,1.41,1.41
0.0,1.31,1.33,1.35,1.35,1.35,1.35,1.35,1.35,1.35,1.36,1.37,1.37,1.37,1.38,1.38,1.38,1.38,1.38,1.39,1.39,1.39,1.39,1.39,1.39,1.39,1.39,1.39,1.39,1.39,1.4,1.4,1.4,1.4,1.4,1.4,1.4,1.4,1.4,1.4,1.4,1.41,1.41,1.41,1.41,1.41,1.41,1.41,1.41,1.41,1.41,1.41,1.41,1.41,1.41,1.41,1.41,1.41,1.41,1.41,1.41,1.41,1.41,1.41,1.41,1.41,1.41,1.41,1.41,1.41,1.41,1.41,1.41,1.41,1.41,1.41,1.41,1.41,1.41,1.41,1.41,1.41,1.41,1.41,1.41,1.41,1.41,1.41,1.41,1.41,1.41,1.41,1.41,1.41,1.41,1.41,1.41,1.41,1.41,1.41,1.41,1.41,1.41,1.41,1.41,1.41,1.41,1.41,1.41,1.41,1.41,1.41,1.41,1.41,1.41,1.41,1.41,1.41,1.41,1.41
0.0,1.32,1.35,1.36,1.37,1.37,1.38,1.38,1.38,1.38,1.38,1.38,1.38,1.38,1.38,1.39,1.39,1.39,1.39,1.41,1.41,1.41,1.41,1.41,1.41,1.41,1.41,1.41,1.41,1.41,1.41,1.41,1.41,1.41,1.41,1.41,1.41,1.41,1.41,1.41,1.41,1.41,1.41,1.41,1.41,1.41,1.41,1.41,1.41,1.41,1.41,1.41,1.41,1.41,1.41,1.41,1.41,1.41,1.41,1.41,1.41,1.41,1.41,1.41,1.41,1.41,1.41,1.41,1.41,1.41,1.41,1.41,1.41,1.41,1.41,1.41,1.41,1.41,1.41,1.41,1.41,1.41,1.41,1.41,1.41,1.41,1.41,1.41,1.41,1.41,1.41,1.41,1.41,1.41,1.41,1.41,1.41,1.41,1.41,1.41,1.41,1.41,1.41,1.41,1.41,1.41,1.41,1.41,1.41,1.41,1.41,1.41,1.41,1.41,1.41,1.41,1.41,1.41,1.41,1.41
0.0,1.35,1.35,1.36,1.37,1.37,1.37,1.37,1.38,1.38,1.38,1.38,1.38,1.38,1.38,1.38,1.39,1.39,1.39,1.39,1.39,1.4,1.4,1.41,1.41,1.41,1.41,1.41,1.41,1.41,1.41,1.41,1.41,1.41,1.41,1.41,1.41,1.41,1.41,1.41,1.41,1.41,1.41,1.41,1.41,1.41,1.41,1.41,1.41,1.41,1.41,1.41,1.41,1.41,1.41,1.41,1.41,1.41,1.41,1.41,1.41,1.41,1.41,1.41,1.41,1.41,1.41,1.41,1.41,1.41,1.41,1.41,1.41,1.41,1.41,1.41,1.41,1.41,1.41,1.41,1.41,1.41,1.41,1.41,1.41,1.41,1.41,1.41,1.41,1.41,1.41,1.41,1.41,1.41,1.41,1.41,1.41,1.41,1.41,1.41,1.41,1.41,1.41,1.41,1.41,1.41,1.41,1.41,1.41,1.41,1.41,1.41,1.41,1.41,1.41,1.41,1.41,1.41,1.41,1.41
0.0,1.21,1.24,1.25,1.3,1.35,1.35,1.36,1.36,1.36,1.38,1.38,1.38,1.38,1.39,1.39,1.39,1.39,1.39,1.39,1.4,1.4,1.41,1.41,1.41,1.41,1.41,1.41,1.41,1.41,1.41,1.41,1.41,1.41,1.41,1.41,1.41,1.41,1.41,1.41,1.41,1.41,1.41,1.41,1.41,1.41,1.41,1.41,1.41,1.41,1.41,1.41,1.41,1.41,1.41,1.41,1.41,1.41,1.41,1.41,1.41,1.41,1.41,1.41,1.41,1.41,1.41,1.41,1.41,1.41,1.41,1.41,1.41,1.41,1.41,1.41,1.41,1.41,1.41,1.41,1.41,1.41,1.41,1.41,1.41,1.41,1.41,1.41,1.41,1.41,1.41,1.41,1.41,1.41,1.41,1.41,1.41,1.41,1.41,1.41,1.41,1.41,1.41,1.41,1.41,1.41,1.41,1.41,1.41,1.41,1.41,1.41,1.41,1.41,1.41,1.41,1.41,1.41,1.41,1.41
0.0,1.24,1.35,1.36,1.36,1.37,1.38,1.38,1.38,1.38,1.38,1.39,1.39,1.41,1.41,1.41,1.41,1.41,1.41,1.41,1.41,1.41,1.41,1.41,1.41,1.41,1.41,1.41,1.41,1.41,1.41,1.41,1.41,1.41,1.41,1.41,1.41,1.41,1.41,1.41,1.41,1.41,1.41,1.41,1.41,1.41,1.41,1.41,1.41,1.41,1.41,1.41,1.41,1.41,1.41,1.41,1.41,1.41,1.41,1.41,1.41,1.41,1.41,1.41,1.41,1.41,1.41,1.41,1.41,1.41,1.41,1.41,1.41,1.41,1.41,1.41,1.41,1.41,1.41,1.41,1.41,1.41,1.41,1.41,1.41,1.41,1.41,1.41,1.41,1.41,1.41,1.41,1.41,1.41,1.41,1.41,1.41,1.41,1.41,1.41,1.41,1.41,1.41,1.41,1.41,1.41,1.41,1.41,1.41,1.41,1.41,1.41,1.41,1.41,1.41,1.41,1.41,1.41,1.41,1.41
0.0,1.34,1.34,1.35,1.35,1.36,1.36,1.36,1.37,1.37,1.37,1.38,1.38,1.38,1.38,1.38,1.38,1.39,1.39,1.39,1.39,1.39,1.39,1.39,1.39,1.39,1.39,1.39,1.39,1.39,1.4,1.4,1.4,1.4,1.4,1.4,1.4,1.4,1.4,1.4,1.4,1.4,1.4,1.41,1.41,1.41,1.41,1.41,1.41,1.41,1.41,1.41,1.41,1.41,1.41,1.41,1.41,1.41,1.41,1.41,1.41,1.41,1.41,1.41,1.41,1.41,1.41,1.41,1.41,1.41,1.41,1.41,1.41,1.41,1.41,1.41,1.41,1.41,1.41,1.41,1.41,1.41,1.41,1.41,1.41,1.41,1.41,1.41,1.41,1.41,1.41,1.41,1.41,1.41,1.41,1.41,1.41,1.41,1.41,1.41,1.41,1.41,1.41,1.41,1.41,1.41,1.41,1.41,1.41,1.41,1.41,1.41,1.41,1.41,1.41,1.41,1.41,1.41,1.41,1.41
0.0,1.3,1.32,1.34,1.35,1.35,1.35,1.35,1.36,1.36,1.38,1.38,1.38,1.38,1.38,1.38,1.38,1.38,1.38,1.38,1.38,1.38,1.38,1.39,1.39,1.39,1.39,1.39,1.4,1.4,1.4,1.4,1.4,1.4,1.4,1.4,1.4,1.4,1.4,1.4,1.4,1.4,1.41,1.41,1.41,1.41,1.41,1.41,1.41,1.41,1.41,1.41,1.41,1.41,1.41,1.41,1.41,1.41,1.41,1.41,1.41,1.41,1.41,1.41,1.41,1.41,1.41,1.41,1.41,1.41,1.41,1.41,1.41,1.41,1.41,1.41,1.41,1.41,1.41,1.41,1.41,1.41,1.41,1.41,1.41,1.41,1.41,1.41,1.41,1.41,1.41,1.41,1.41,1.41,1.41,1.41,1.41,1.41,1.41,1.41,1.41,1.41,1.41,1.41,1.41,1.41,1.41,1.41,1.41,1.41,1.41,1.41,1.41,1.41,1.41,1.41,1.41,1.41,1.41,1.41
0.0,1.34,1.35,1.35,1.35,1.37,1.37,1.38,1.38,1.38,1.38,1.41,1.41,1.41,1.41,1.41,1.41,1.41,1.41,1.41,1.41,1.41,1.41,1.41,1.41,1.41,1.41,1.41,1.41,1.41,1.41,1.41,1.41,1.41,1.41,1.41,1.41,1.41,1.41,1.41,1.41,1.41,1.41,1.41,1.41,1.41,1.41,1.41,1.41,1.41,1.41,1.41,1.41,1.41,1.41,1.41,1.41,1.41,1.41,1.41,1.41,1.41,1.41,1.41,1.41,1.41,1.41,1.41,1.41,1.41,1.41,1.41,1.41,1.41,1.41,1.41,1.41,1.41,1.41,1.41,1.41,1.41,1.41,1.41,1.41,1.41,1.41,1.41,1.41,1.41,1.41,1.41,1.41,1.41,1.41,1.41,1.41,1.41,1.41,1.41,1.41,1.41,1.41,1.41,1.41,1.41,1.41,1.41,1.41,1.41,1.41,1.41,1.41,1.41,1.41,1.41,1.41,1.41,1.41,1.41
0.0,1.28,1.33,1.33,1.33,1.34,1.35,1.35,1.36,1.36,1.36,1.36,1.36,1.36,1.37,1.37,1.37,1.37,1.37,1.37,1.37,1.38,1.38,1.38,1.39,1.39,1.39,1.39,1.39,1.39,1.39,1.39,1.4,1.4,1.4,1.4,1.4,1.4,1.4,1.4,1.4,1.4,1.4,1.41,1.41,1.41,1.41,1.41,1.41,1.41,1.41,1.41,1.41,1.41,1.41,1.41,1.41,1.41,1.41,1.41,1.41,1.41,1.41,1.41,1.41,1.41,1.41,1.41,1.41,1.41,1.41,1.41,1.41,1.41,1.41,1.41,1.41,1.41,1.41,1.41,1.41,1.41,1.41,1.41,1.41,1.41,1.41,1.41,1.41,1.41,1.41,1.41,1.41,1.41,1.41,1.41,1.41,1.41,1.41,1.41,1.41,1.41,1.41,1.41,1.41,1.41,1.41,1.41,1.41,1.41,1.41,1.41,1.41,1.41,1.41,1.41,1.41,1.41,1.41,1.41
0.0,1.28,1.31,1.32,1.34,1.34,1.35,1.35,1.36,1.37,1.37,1.37,1.37,1.37,1.37,1.38,1.38,1.38,1.38,1.39,1.39,1.39,1.39,1.39,1.39,1.39,1.39,1.39,1.39,1.39,1.39,1.39,1.39,1.39,1.39,1.4,1.4,1.4,1.4,1.4,1.4,1.4,1.4,1.41,1.41,1.41,1.41,1.41,1.41,1.41,1.41,1.41,1.41,1.41,1.41,1.41,1.41,1.41,1.41,1.41,1.41,1.41,1.41,1.41,1.41,1.41,1.41,1.41,1.41,1.41,1.41,1.41,1.41,1.41,1.41,1.41,1.41,1.41,1.41,1.41,1.41,1.41,1.41,1.41,1.41,1.41,1.41,1.41,1.41,1.41,1.41,1.41,1.41,1.41,1.41,1.41,1.41,1.41,1.41,1.41,1.41,1.41,1.41,1.41,1.41,1.41,1.41,1.41,1.41,1.41,1.41,1.41,1.41,1.41,1.41,1.41,1.41,1.41,1.41,1.41
0.0,1.29,1.33,1.35,1.35,1.35,1.37,1.37,1.37,1.37,1.38,1.38,1.38,1.38,1.38,1.38,1.39,1.39,1.39,1.4,1.41,1.41,1.41,1.41,1.41,1.41,1.41,1.41,1.41,1.41,1.41,1.41,1.41,1.41,1.41,1.41,1.41,1.41,1.41,1.41,1.41,1.41,1.41,1.41,1.41,1.41,1.41,1.41,1.41,1.41,1.41,1.41,1.41,1.41,1.41,1.41,1.41,1.41,1.41,1.41,1.41,1.41,1.41,1.41,1.41,1.41,1.41,1.41,1.41,1.41,1.41,1.41,1.41,1.41,1.41,1.41,1.41,1.41,1.41,1.41,1.41,1.41,1.41,1.41,1.41,1.41,1.41,1.41,1.41,1.41,1.41,1.41,1.41,1.41,1.41,1.41,1.41,1.41,1.41,1.41,1.41,1.41,1.41,1.41,1.41,1.41,1.41,1.41,1.41,1.41,1.41,1.41,1.41,1.41,1.41,1.41,1.41,1.41,1.41,1.41
